currency,description,displaySymbol,figi,mic,symbol,type
USD,FACEBOOK INC-CLASS A,FB,BBG000MM2P62,XNAS,FB,Common Stock
USD,ALPHABET INC-CL A,GOOGL,BBG009S39JX6,XNAS,GOOGL,Common Stock
USD,APPLE INC,AAPL,BBG000B9XRY4,XNAS,AAPL,Common Stock
USD,MACROGENICS INC,MGNX,BBG000BM2SF8,XNAS,MGNX,Common Stock
USD,SKYWORKS SOLUTIONS INC,SWKS,BBG000KLB4Q1,XNAS,SWKS,Common Stock
USD,FULTON FINANCIAL CORP,FULT,BBG000BJZM26,XNAS,FULT,Common Stock
USD,IAC/INTERACTIVECORP,IAC,BBG00S1LR2C3,XNAS,IAC,Common Stock
USD,MEI PHARMA INC,MEIP,BBG000BSGT68,XNAS,MEIP,Common Stock
USD,OVID THERAPEUTICS INC,OVID,BBG009F0TD76,XNAS,OVID,Common Stock
USD,SCIENTIFIC GAMES CORP,SGMS,BBG00JR5MM31,XNAS,SGMS,Common Stock
USD,GOLAR LNG LTD,GLNG,BBG000K14TT5,XNAS,GLNG,Common Stock
USD,ATHERSYS INC,ATHX,BBG000QBZBS3,XNAS,ATHX,Common Stock
USD,ALIGN TECHNOLOGY INC,ALGN,BBG000BRNLL2,XNAS,ALGN,Common Stock
USD,DIGITAL TURBINE INC,APPS,BBG000HZ3562,XNAS,APPS,Common Stock
USD,REDFIN CORP,RDFN,BBG001Q7HP63,XNAS,RDFN,Common Stock
USD,AFFIMED NV,AFMD,BBG006R5SSH5,XNAS,AFMD,Common Stock
USD,REALREAL INC/THE,REAL,BBG004FPDNZ6,XNAS,REAL,Common Stock
USD,RIGEL PHARMACEUTICALS INC,RIGL,BBG000BPWTW7,XNAS,RIGL,Common Stock
USD,PUMA BIOTECHNOLOGY INC,PBYI,BBG0018YXYX7,XNAS,PBYI,Common Stock
USD,ZIX CORP,ZIXI,BBG000H04C72,XNAS,ZIXI,Common Stock
USD,EXELON CORP,EXC,BBG000J6XT05,XNAS,EXC,Common Stock
USD,IMMUNOGEN INC,IMGN,BBG000C2JTB5,XNAS,IMGN,Common Stock
USD,PDC ENERGY INC,PDCE,BBG000BR1KR2,XNAS,PDCE,Common Stock
USD,URBAN OUTFITTERS INC,URBN,BBG000BL79J3,XNAS,URBN,Common Stock
USD,NOVOCURE LTD,NVCR,BBG009XW8PY2,XNAS,NVCR,Common Stock
USD,CHAMPIONX CORP,CHX,BBG00JH9TZ56,XNAS,CHX,Common Stock
USD,SONOS INC,SONO,BBG001JZPSQ2,XNAS,SONO,Common Stock
USD,NAVIENT CORP,NAVI,BBG004MN1R41,XNAS,NAVI,Common Stock
USD,BLOOMIN' BRANDS INC,BLMN,BBG002VZ68Y2,XNAS,BLMN,Common Stock
USD,GREENSKY INC-CLASS A,GSKY,BBG00KT2SCV8,XNAS,GSKY,Common Stock
USD,LAM RESEARCH CORP,LRCX,BBG000BNFLM9,XNAS,LRCX,Common Stock
USD,GENTEX CORP,GNTX,BBG000BKJ092,XNAS,GNTX,Common Stock
USD,WORKHORSE GROUP INC,WKHS,BBG000BDPB15,XNAS,WKHS,Common Stock
USD,PELOTON INTERACTIVE INC-A,PTON,BBG00JG0FFZ2,XNAS,PTON,Common Stock
USD,INTERCEPT PHARMACEUTICALS IN,ICPT,BBG001J1QN87,XNAS,ICPT,Common Stock
USD,KADMON HOLDINGS INC,KDMN,BBG00B9P9V84,XNAS,KDMN,Common Stock
USD,ATARA BIOTHERAPEUTICS INC,ATRA,BBG005Q3MQY4,XNAS,ATRA,Common Stock
USD,CERENCE INC,CRNC,BBG00MMDJG84,XNAS,CRNC,Common Stock
USD,BROADCOM INC,AVGO,BBG00KHY5S69,XNAS,AVGO,Common Stock
USD,STRATASYS LTD,SSYS,BBG002S5ZRF9,XNAS,SSYS,Common Stock
USD,PROVENTION BIO INC,PRVB,BBG00H1L1L88,XNAS,PRVB,Common Stock
USD,DENNY'S CORP,DENN,BBG000BC09P3,XNAS,DENN,Common Stock
USD,CARPARTS.COM INC,PRTS,BBG000N26V95,XNAS,PRTS,Common Stock
USD,SLM CORP,SLM,BBG000BBCQD7,XNAS,SLM,Common Stock
USD,DOCUSIGN INC,DOCU,BBG000N7KJX8,XNAS,DOCU,Common Stock
USD,XCEL ENERGY INC,XEL,BBG000BCTQ65,XNAS,XEL,Common Stock
USD,ADVERUM BIOTECHNOLOGIES INC,ADVM,BBG006D9MR17,XNAS,ADVM,Common Stock
USD,COMPUGEN LTD,CGEN,BBG000B9ZLB0,XNAS,CGEN,Common Stock
USD,BIOMARIN PHARMACEUTICAL INC,BMRN,BBG000CZWZ05,XNAS,BMRN,Common Stock
USD,LAUREATE EDUCATION INC-A,LAUR,BBG00B4Z2YX0,XNAS,LAUR,Common Stock
USD,FISERV INC,FISV,BBG000BJKPG0,XNAS,FISV,Common Stock
USD,CLEAN ENERGY FUELS CORP,CLNE,BBG000J5J943,XNAS,CLNE,Common Stock
USD,COHERUS BIOSCIENCES INC,CHRS,BBG0063N8V69,XNAS,CHRS,Common Stock
USD,MATCH GROUP INC,MTCH,BBG00VT0KNC3,XNAS,MTCH,Common Stock
USD,INFINERA CORP,INFN,BBG000R1CHD2,XNAS,INFN,Common Stock
USD,SEAGEN INC,SGEN,BBG000BH0FR6,XNAS,SGEN,Common Stock
USD,NXP SEMICONDUCTORS NV,NXPI,BBG000BND699,XNAS,NXPI,Common Stock
USD,FLEX LTD,FLEX,BBG000BP5YT0,XNAS,FLEX,Common Stock
USD,STEEL DYNAMICS INC,STLD,BBG000HGYNZ9,XNAS,STLD,Common Stock
USD,FORTINET INC,FTNT,BBG000BCMBG4,XNAS,FTNT,Common Stock
USD,GROUPON INC,GRPN,BBG000QRKJ70,XNAS,GRPN,Common Stock
USD,SMITH & WESSON BRANDS INC,SWBI,BBG000BM0QL7,XNAS,SWBI,Common Stock
USD,SMILEDIRECTCLUB INC,SDC,BBG00PZZ94F4,XNAS,SDC,Common Stock
USD,LIMELIGHT NETWORKS INC,LLNW,BBG000P63Y91,XNAS,LLNW,Common Stock
USD,ACTIVISION BLIZZARD INC,ATVI,BBG000CVWGS6,XNAS,ATVI,Common Stock
USD,MAGNITE INC,MGNI,BBG000PBDRC0,XNAS,MGNI,Common Stock
USD,CRISPR THERAPEUTICS AG,CRSP,BBG00DBBGRX1,XNAS,CRSP,Common Stock
USD,WISDOMTREE INVESTMENTS INC,WETF,BBG000KLDTJ2,XNAS,WETF,Common Stock
USD,PATTERSON-UTI ENERGY INC,PTEN,BBG000BKXFN7,XNAS,PTEN,Common Stock
USD,KALA PHARMACEUTICALS INC,KALA,BBG001J2MVT8,XNAS,KALA,Common Stock
USD,LIBERTY TRIPADVISOR HDG-A,LTRPA,BBG005DKMJ67,XNAS,LTRPA,Common Stock
USD,VERTEX PHARMACEUTICALS INC,VRTX,BBG000C1S2X2,XNAS,VRTX,Common Stock
USD,WILLSCOT MOBILE MINI HOLDING,WSC,BBG00B0FS947,XNAS,WSC,Common Stock
USD,PRECIGEN INC,PGEN,BBG000QL8VH9,XNAS,PGEN,Common Stock
USD,MERSANA THERAPEUTICS INC,MRSN,BBG001CPSVF3,XNAS,MRSN,Common Stock
USD,SABRE CORP,SABR,BBG005WQVVH4,XNAS,SABR,Common Stock
USD,INSEEGO CORP,INSG,BBG00DWX7QH0,XNAS,INSG,Common Stock
USD,C.H. ROBINSON WORLDWIDE INC,CHRW,BBG000BTCH57,XNAS,CHRW,Common Stock
USD,SIMPLY GOOD FOODS CO/THE,SMPL,BBG00GVP5JL4,XNAS,SMPL,Common Stock
USD,BGC PARTNERS INC-CL A,BGCP,BBG000C4MWH4,XNAS,BGCP,Common Stock
USD,CERNER CORP,CERN,BBG000BFDLV8,XNAS,CERN,Common Stock
USD,IVERIC BIO INC,ISEE,BBG0019K7J31,XNAS,ISEE,Common Stock
USD,LIBERTY LATIN AMERIC-CL C,LILAK,BBG00JKWHZ81,XNAS,LILAK,Common Stock
USD,MICRON TECHNOLOGY INC,MU,BBG000C5Z1S3,XNAS,MU,Common Stock
USD,ENDO INTERNATIONAL PLC,ENDP,BBG000C0HQ54,XNAS,ENDP,Common Stock
USD,DROPBOX INC-CLASS A,DBX,BBG0018SLDN0,XNAS,DBX,Common Stock
USD,QURATE RETAIL INC-SERIES A,QRTEA,BBG000PCQQL6,XNAS,QRTEA,Common Stock
USD,TRIPADVISOR INC,TRIP,BBG001M8HHB7,XNAS,TRIP,Common Stock
USD,MARVELL TECHNOLOGY INC,MRVL,BBG00ZXBJ153,XNAS,MRVL,Common Stock
USD,ZILLOW GROUP INC - C,Z,BBG009NRSWJ4,XNAS,Z,Common Stock
USD,WARNER MUSIC GROUP CORP-CL A,WMG,BBG00RP2T9T6,XNAS,WMG,Common Stock
USD,COPART INC,CPRT,BBG000BM9RH1,XNAS,CPRT,Common Stock
USD,CHEFS' WAREHOUSE INC/THE,CHEF,BBG001MFW6D6,XNAS,CHEF,Common Stock
USD,ANGI INC,ANGI,BBG00HVKH3Q0,XNAS,ANGI,Common Stock
USD,NEOGENOMICS INC,NEO,BBG000BKH263,XNAS,NEO,Common Stock
USD,AMYRIS INC,AMRS,BBG000DW5XK4,XNAS,AMRS,Common Stock
USD,SINCLAIR BROADCAST GROUP -A,SBGI,BBG000F2XXP2,XNAS,SBGI,Common Stock
USD,FIRST HAWAIIAN INC,FHB,BBG0046LJYT2,XNAS,FHB,Common Stock
USD,CREE INC,CREE,BBG000BG14P4,XNAS,CREE,Common Stock
USD,FIRST SOLAR INC,FSLR,BBG000BFL116,XNAS,FSLR,Common Stock
USD,DEXCOM INC,DXCM,BBG000QTF8K1,XNAS,DXCM,Common Stock
USD,PATTERSON COS INC,PDCO,BBG000BQY289,XNAS,PDCO,Common Stock
USD,BLINK CHARGING CO,BLNK,BBG000F9XKN7,XNAS,BLNK,Common Stock
USD,VBI VACCINES INC,VBIV,BBG000BB3S61,XNAS,VBIV,Common Stock
USD,G-III APPAREL GROUP LTD,GIII,BBG000C2YZ60,XNAS,GIII,Common Stock
USD,DISH NETWORK CORP-A,DISH,BBG000C2YHG9,XNAS,DISH,Common Stock
USD,APA CORP,APA,BBG00YTS96G2,XNAS,APA,Common Stock
USD,GARMIN LTD,GRMN,BBG000C4LN67,XNAS,GRMN,Common Stock
USD,VERRA MOBILITY CORP,VRRM,BBG00G4XQ9Z1,XNAS,VRRM,Common Stock
USD,QUALCOMM INC,QCOM,BBG000CGC1X8,XNAS,QCOM,Common Stock
USD,INCYTE CORP,INCY,BBG000BNPSQ9,XNAS,INCY,Common Stock
USD,MONSTER BEVERAGE CORP,MNST,BBG008NVB1C0,XNAS,MNST,Common Stock
USD,LKQ CORP,LKQ,BBG000PXDL44,XNAS,LKQ,Common Stock
USD,AMICUS THERAPEUTICS INC,FOLD,BBG000PLF6N0,XNAS,FOLD,Common Stock
USD,CSX CORP,CSX,BBG000BGJRC8,XNAS,CSX,Common Stock
USD,SPROUTS FARMERS MARKET INC,SFM,BBG001KFKQM7,XNAS,SFM,Common Stock
USD,ARBUTUS BIOPHARMA CORP,ABUS,BBG000RR8V85,XNAS,ABUS,Common Stock
USD,EAST WEST BANCORP INC,EWBC,BBG000CR20B1,XNAS,EWBC,Common Stock
USD,WESTERN DIGITAL CORP,WDC,BBG000BWNFZ9,XNAS,WDC,Common Stock
USD,TEXAS ROADHOUSE INC,TXRH,BBG000PSJMV7,XNAS,TXRH,Common Stock
USD,ZIOPHARM ONCOLOGY INC,ZIOP,BBG000FWCC57,XNAS,ZIOP,Common Stock
USD,STARBUCKS CORP,SBUX,BBG000CTQBF3,XNAS,SBUX,Common Stock
USD,TRUECAR INC,TRUE,BBG001P6MYV3,XNAS,TRUE,Common Stock
USD,VROOM INC,VRM,BBG009NGKQ45,XNAS,VRM,Common Stock
USD,INTEL CORP,INTC,BBG000C0G1D1,XNAS,INTC,Common Stock
USD,EDITAS MEDICINE INC,EDIT,BBG005MX5GZ2,XNAS,EDIT,Common Stock
USD,EBAY INC,EBAY,BBG000C43RR5,XNAS,EBAY,Common Stock
USD,DRAFTKINGS INC - CL A,DKNG,BBG00TCBG714,XNAS,DKNG,Common Stock
USD,CORBUS PHARMACEUTICALS HOLDI,CRBP,BBG0078PJKQ7,XNAS,CRBP,Common Stock
USD,RED ROCK RESORTS INC-CLASS A,RRR,BBG00B6G8077,XNAS,RRR,Common Stock
USD,ALKERMES PLC,ALKS,BBG000C9F2F9,XNAS,ALKS,Common Stock
USD,GROCERY OUTLET HOLDING CORP,GO,BBG00P4R3079,XNAS,GO,Common Stock
USD,BLUEBIRD BIO INC,BLUE,BBG000QGWY50,XNAS,BLUE,Common Stock
USD,SUNPOWER CORP,SPWR,BBG000FVQ185,XNAS,SPWR,Common Stock
USD,WW INTERNATIONAL INC,WW,BBG000DY6735,XNAS,WW,Common Stock
USD,PACIFIC BIOSCIENCES OF CALIF,PACB,BBG000QKXH20,XNAS,PACB,Common Stock
USD,IHEARTMEDIA INC - CLASS A,IHRT,BBG00P2FSNZ9,XNAS,IHRT,Common Stock
USD,VALLEY NATIONAL BANCORP,VLY,BBG000D4YTR6,XNAS,VLY,Common Stock
USD,COGNIZANT TECH SOLUTIONS-A,CTSH,BBG000BBDV81,XNAS,CTSH,Common Stock
USD,CERUS CORP,CERS,BBG000HBVZX8,XNAS,CERS,Common Stock
USD,HENRY SCHEIN INC,HSIC,BBG000BNMMJ3,XNAS,HSIC,Common Stock
USD,CINCINNATI FINANCIAL CORP,CINF,BBG000BFPK65,XNAS,CINF,Common Stock
USD,ZYNEX INC,ZYXI,BBG000BJBXZ2,XNAS,ZYXI,Common Stock
USD,FIVE BELOW,FIVE,BBG001636CR2,XNAS,FIVE,Common Stock
USD,AUTODESK INC,ADSK,BBG000BM7HL0,XNAS,ADSK,Common Stock
USD,VONAGE HOLDINGS CORP,VG,BBG000BRB5D9,XNAS,VG,Common Stock
USD,ORASURE TECHNOLOGIES INC,OSUR,BBG000J3D1Y8,XNAS,OSUR,Common Stock
USD,PLAINS GP HOLDINGS LP-CL A,PAGP,BBG000TBYFR3,XNAS,PAGP,Common Stock
USD,FIFTH THIRD BANCORP,FITB,BBG000BJL3N0,XNAS,FITB,Common Stock
USD,VIEWRAY INC,VRAY,BBG005XKG722,XNAS,VRAY,Common Stock
USD,ADOBE INC,ADBE,BBG000BB5006,XNAS,ADBE,Common Stock
USD,CADENCE DESIGN SYS INC,CDNS,BBG000C13CD9,XNAS,CDNS,Common Stock
USD,LULULEMON ATHLETICA INC,LULU,BBG000R8ZVD1,XNAS,LULU,Common Stock
USD,HUNTINGTON BANCSHARES INC,HBAN,BBG000BKWSR6,XNAS,HBAN,Common Stock
USD,NUANCE COMMUNICATIONS INC,NUAN,BBG000BD3LM4,XNAS,NUAN,Common Stock
USD,LIBERTY GLOBAL PLC- C,LBTYK,BBG000BXWBN9,XNAS,LBTYK,Common Stock
USD,LANDCADIA HOLDINGS IV INC-A,LCA,BBG00ZCX61H9,XNAS,LCA,Common Stock
USD,REGENERON PHARMACEUTICALS,REGN,BBG000C734W3,XNAS,REGN,Common Stock
USD,TANDEM DIABETES CARE INC,TNDM,BBG0019V9M65,XNAS,TNDM,Common Stock
USD,FASTENAL CO,FAST,BBG000BJ8YN7,XNAS,FAST,Common Stock
USD,CARLYLE GROUP INC/THE,CG,BBG000BH3F20,XNAS,CG,Common Stock
USD,ZYNGA INC - CL A,ZNGA,BBG000VD6768,XNAS,ZNGA,Common Stock
USD,TEXAS INSTRUMENTS INC,TXN,BBG000BVV7G1,XNAS,TXN,Common Stock
USD,MICROSOFT CORP,MSFT,BBG000BPH459,XNAS,MSFT,Common Stock
USD,ENTEGRIS INC,ENTG,BBG000CTV4N4,XNAS,ENTG,Common Stock
USD,PAYCHEX INC,PAYX,BBG000BQSQ38,XNAS,PAYX,Common Stock
USD,NEWS CORP - CLASS A,NWSA,BBG0035LY913,XNAS,NWSA,Common Stock
USD,CARGURUS INC,CARG,BBG00HQ77DS2,XNAS,CARG,Common Stock
USD,PAYPAL HOLDINGS INC,PYPL,BBG0077VNXV6,XNAS,PYPL,Common Stock
USD,MIDDLEBY CORP,MIDD,BBG000DQN9R3,XNAS,MIDD,Common Stock
USD,AKAMAI TECHNOLOGIES INC,AKAM,BBG000BJQWD2,XNAS,AKAM,Common Stock
USD,VERITONE INC,VERI,BBG007NJLS39,XNAS,VERI,Common Stock
USD,HERON THERAPEUTICS INC,HRTX,BBG000G2GJT7,XNAS,HRTX,Common Stock
USD,PACCAR INC,PCAR,BBG000BQVTF5,XNAS,PCAR,Common Stock
USD,ANTARES PHARMA INC,ATRS,BBG000N8K8B4,XNAS,ATRS,Common Stock
USD,ZSCALER INC,ZS,BBG003338H34,XNAS,ZS,Common Stock
USD,DYNAVAX TECHNOLOGIES CORP,DVAX,BBG000BFX694,XNAS,DVAX,Common Stock
USD,ACHIEVE LIFE SCIENCES INC,ACHV,BBG000FB8S62,XNAS,ACHV,Common Stock
USD,QUIDEL CORP,QDEL,BBG000C6GN04,XNAS,QDEL,Common Stock
USD,QORVO INC,QRVO,BBG007TJF1N7,XNAS,QRVO,Common Stock
USD,AMERICAN ELECTRIC POWER,AEP,BBG000BB9KF2,XNAS,AEP,Common Stock
USD,CROWDSTRIKE HOLDINGS INC - A,CRWD,BBG00BLYKS03,XNAS,CRWD,Common Stock
USD,PACWEST BANCORP,PACW,BBG000BWQLY4,XNAS,PACW,Common Stock
USD,HORIZON THERAPEUTICS PLC,HZNP,BBG0014FFY08,XNAS,HZNP,Common Stock
USD,HOLOGIC INC,HOLX,BBG000C3NTN5,XNAS,HOLX,Common Stock
USD,GOPRO INC-CLASS A,GPRO,BBG001LWHLJ8,XNAS,GPRO,Common Stock
USD,KARYOPHARM THERAPEUTICS INC,KPTI,BBG001J272L7,XNAS,KPTI,Common Stock
USD,APPLIED MATERIALS INC,AMAT,BBG000BBPFB9,XNAS,AMAT,Common Stock
USD,AMC NETWORKS INC-A,AMCX,BBG000H01H92,XNAS,AMCX,Common Stock
USD,ARCH CAPITAL GROUP LTD,ACGL,BBG000HXNN20,XNAS,ACGL,Common Stock
USD,NATIONAL VISION HOLDINGS INC,EYE,BBG00HVQF9K2,XNAS,EYE,Common Stock
USD,DIAMONDBACK ENERGY INC,FANG,BBG002PHSYX9,XNAS,FANG,Common Stock
USD,NEKTAR THERAPEUTICS,NKTR,BBG000BHCYJ1,XNAS,NKTR,Common Stock
USD,GROWGENERATION CORP,GRWG,BBG00DBKBYB5,XNAS,GRWG,Common Stock
USD,DATADOG INC - CLASS A,DDOG,BBG003NJHZT9,XNAS,DDOG,Common Stock
USD,TTM TECHNOLOGIES,TTMI,BBG000BYQ0B1,XNAS,TTMI,Common Stock
USD,EXACT SCIENCES CORP,EXAS,BBG000CWL0F5,XNAS,EXAS,Common Stock
USD,MICROCHIP TECHNOLOGY INC,MCHP,BBG000BHCP19,XNAS,MCHP,Common Stock
USD,WORKDAY INC-CLASS A,WDAY,BBG000VC0T95,XNAS,WDAY,Common Stock
USD,COGNEX CORP,CGNX,BBG000BPBVW5,XNAS,CGNX,Common Stock
USD,TERADYNE INC,TER,BBG000BV4DR6,XNAS,TER,Common Stock
USD,COMCAST CORP-CLASS A,CMCSA,BBG000BFT2L4,XNAS,CMCSA,Common Stock
USD,XP INC - CLASS A,XP,BBG00QVJYGM9,XNAS,XP,Common Stock
USD,SS&C TECHNOLOGIES HOLDINGS,SSNC,BBG000RJ2J04,XNAS,SSNC,Common Stock
USD,VIAVI SOLUTIONS INC,VIAV,BBG000BP7JB0,XNAS,VIAV,Common Stock
USD,ZOOM VIDEO COMMUNICATIONS-A,ZM,BBG0042V6JM8,XNAS,ZM,Common Stock
USD,UMPQUA HOLDINGS CORP,UMPQ,BBG000C0ZW33,XNAS,UMPQ,Common Stock
USD,SOLAREDGE TECHNOLOGIES INC,SEDG,BBG0084BBZY6,XNAS,SEDG,Common Stock
USD,NEWMARK GROUP INC-CLASS A,NMRK,BBG00J24S765,XNAS,NMRK,Common Stock
USD,GAN LTD,GAN,BBG00ST6YZF2,XNAS,GAN,Common Stock
USD,EXELIXIS INC,EXEL,BBG000BQ4WF8,XNAS,EXEL,Common Stock
USD,SANGAMO THERAPEUTICS INC,SGMO,BBG000BHYT80,XNAS,SGMO,Common Stock
USD,HOSTESS BRANDS INC,TWNK,BBG00B6KGNN1,XNAS,TWNK,Common Stock
USD,OLLIE'S BARGAIN OUTLET HOLDI,OLLI,BBG0098VVDT9,XNAS,OLLI,Common Stock
USD,LUMENTUM HOLDINGS INC,LITE,BBG0073F9RT7,XNAS,LITE,Common Stock
USD,AMGEN INC,AMGN,BBG000BBS2Y0,XNAS,AMGN,Common Stock
USD,TRIMBLE INC,TRMB,BBG000BNPS52,XNAS,TRMB,Common Stock
USD,HOME BANCSHARES INC,HOMB,BBG000QJXDW9,XNAS,HOMB,Common Stock
USD,PLUG POWER INC,PLUG,BBG000C1XSP8,XNAS,PLUG,Common Stock
USD,OKTA INC,OKTA,BBG001YV1SM4,XNAS,OKTA,Common Stock
USD,MONGODB INC,MDB,BBG0022FDRY8,XNAS,MDB,Common Stock
USD,NORTHERN TRUST CORP,NTRS,BBG000BQ74K1,XNAS,NTRS,Common Stock
USD,AMAZON.COM INC,AMZN,BBG000BVPV84,XNAS,AMZN,Common Stock
USD,NVIDIA CORP,NVDA,BBG000BBJQV0,XNAS,NVDA,Common Stock
USD,PILGRIM'S PRIDE CORP,PPC,BBG000BFLXV3,XNAS,PPC,Common Stock
USD,ZIONS BANCORP NA,ZION,BBG000BX9WL1,XNAS,ZION,Common Stock
USD,NORTONLIFELOCK INC,NLOK,BBG000BH2JM1,XNAS,NLOK,Common Stock
USD,UPWORK INC,UPWK,BBG00FBJ6390,XNAS,UPWK,Common Stock
USD,TAKE-TWO INTERACTIVE SOFTWRE,TTWO,BBG000BS1YV5,XNAS,TTWO,Common Stock
USD,WERNER ENTERPRISES INC,WERN,BBG000BWPP85,XNAS,WERN,Common Stock
USD,ROSS STORES INC,ROST,BBG000BSBZH7,XNAS,ROST,Common Stock
USD,XILINX INC,XLNX,BBG000C0F570,XNAS,XLNX,Common Stock
USD,VIKING THERAPEUTICS INC,VKTX,BBG006LGV869,XNAS,VKTX,Common Stock
USD,FIVE9 INC,FIVN,BBG001KHJM17,XNAS,FIVN,Common Stock
USD,SIRIUS XM HOLDINGS INC,SIRI,BBG000BT0093,XNAS,SIRI,Common Stock
USD,NMI HOLDINGS INC-CLASS A,NMIH,BBG005DLMMZ6,XNAS,NMIH,Common Stock
USD,DOLLAR TREE INC,DLTR,BBG000BSC0K9,XNAS,DLTR,Common Stock
USD,FOX CORP - CLASS A,FOXA,BBG00JHNJW99,XNAS,FOXA,Common Stock
USD,MATTEL INC,MAT,BBG000BNNYW1,XNAS,MAT,Common Stock
USD,AGENUS INC,AGEN,BBG000C8SWQ9,XNAS,AGEN,Common Stock
USD,PROSPECT CAPITAL CORP,PSEC,BBG000Q3RGN4,XNAS,PSEC,Common Stock
USD,KLA CORP,KLAC,BBG000BMTFR4,XNAS,KLAC,Common Stock
USD,EXTREME NETWORKS INC,EXTR,BBG000BFR0T2,XNAS,EXTR,Common Stock
USD,EPIZYME INC,EPZM,BBG000R60CT8,XNAS,EPZM,Common Stock
USD,VIRTU FINANCIAL INC-CLASS A,VIRT,BBG0064N2T78,XNAS,VIRT,Common Stock
USD,KRAFT HEINZ CO/THE,KHC,BBG005CPNTQ2,XNAS,KHC,Common Stock
USD,ETSY INC,ETSY,BBG000N7MXL8,XNAS,ETSY,Common Stock
USD,AVNET INC,AVT,BBG000BCPB71,XNAS,AVT,Common Stock
USD,STITCH FIX INC-CLASS A,SFIX,BBG0046L1KL9,XNAS,SFIX,Common Stock
USD,CITRIX SYSTEMS INC,CTXS,BBG000FQ6PY6,XNAS,CTXS,Common Stock
USD,MYRIAD GENETICS INC,MYGN,BBG000D9H9F1,XNAS,MYGN,Common Stock
USD,TRADEWEB MARKETS INC-CLASS A,TW,BBG00NK8H8T2,XNAS,TW,Common Stock
USD,ULTA BEAUTY INC,ULTA,BBG00FWQ4VD6,XNAS,ULTA,Common Stock
USD,MARRIOTT INTERNATIONAL -CL A,MAR,BBG000BGD7W6,XNAS,MAR,Common Stock
USD,HASBRO INC,HAS,BBG000BKVJK4,XNAS,HAS,Common Stock
USD,CO-DIAGNOSTICS INC,CODX,BBG004HTR2D1,XNAS,CODX,Common Stock
USD,GENIUS BRANDS INTERNATIONAL,GNUS,BBG000NNBY60,XNAS,GNUS,Common Stock
USD,CAPRICOR THERAPEUTICS INC,CAPR,BBG000DZMK99,XNAS,CAPR,Common Stock
USD,DIGITAL ALLY INC,DGLY,BBG000Q4CWM4,XNAS,DGLY,Common Stock
USD,REMARK HOLDINGS INC,MARK,BBG000PDGBB9,XNAS,MARK,Common Stock
USD,INOVIO PHARMACEUTICALS INC,INO,BBG000BK6YX5,XNAS,INO,Common Stock
USD,IZEA WORLDWIDE INC,IZEA,BBG0018XMPL3,XNAS,IZEA,Common Stock
USD,GENPREX INC,GNPX,BBG00F7T0157,XNAS,GNPX,Common Stock
USD,NOVAVAX INC,NVAX,BBG000NVSBL7,XNAS,NVAX,Common Stock
USD,AMERICAN AIRLINES GROUP INC,AAL,BBG005P7Q881,XNAS,AAL,Common Stock
USD,OPGEN INC,OPGN,BBG001J1CY88,XNAS,OPGN,Common Stock
USD,BEYOND MEAT INC,BYND,BBG003CVJP50,XNAS,BYND,Common Stock
USD,VAXART INC,VXRT,BBG000DR0RZ7,XNAS,VXRT,Common Stock
USD,DAVE & BUSTER'S ENTERTAINMEN,PLAY,BBG001WWJTK5,XNAS,PLAY,Common Stock
USD,SUPERCOM LTD,SPCB,BBG000BZVRW0,XNAS,SPCB,Common Stock
USD,UNITED AIRLINES HOLDINGS INC,UAL,BBG000M65M61,XNAS,UAL,Common Stock
USD,CINEDIGM CORP - A,CIDM,BBG000BRSS32,XNAS,CIDM,Common Stock
USD,CASSAVA SCIENCES INC,SAVA,BBG000BK9YW3,XNAS,SAVA,Common Stock
USD,ROKU INC,ROKU,BBG001ZZPQJ6,XNAS,ROKU,Common Stock
USD,TESLA INC,TSLA,BBG000N9MNX3,XNAS,TSLA,Common Stock
USD,BED BATH & BEYOND INC,BBBY,BBG000CSY9H9,XNAS,BBBY,Common Stock
USD,CLOVIS ONCOLOGY INC,CLVS,BBG001QSGW81,XNAS,CLVS,Common Stock
USD,PENN NATIONAL GAMING INC,PENN,BBG000CDZLV8,XNAS,PENN,Common Stock
USD,SORRENTO THERAPEUTICS INC,SRNE,BBG000BDLWR5,XNAS,SRNE,Common Stock
USD,RIOT BLOCKCHAIN INC,RIOT,BBG000BQ4512,XNAS,RIOT,Common Stock
USD,WAITR HOLDINGS INC,WTRH,BBG00D0L7DK6,XNAS,WTRH,Common Stock
USD,BIMI INTERNATIONAL MEDICAL I,BIMI,BBG000LJGFD9,XNAS,BIMI,Common Stock
USD,TILRAY INC-CLASS 2 COMMON,TLRY,BBG00L7XTP60,XNAS,TLRY,Common Stock
USD,AVIS BUDGET GROUP INC,CAR,BBG000FLPRH1,XNAS,CAR,Common Stock
USD,OVERSTOCK.COM INC,OSTK,BBG000BF7BV7,XNAS,OSTK,Common Stock
USD,FUELCELL ENERGY INC,FCEL,BBG000HQ1LB3,XNAS,FCEL,Common Stock
USD,ENERGOUS CORP,WATT,BBG005XNV9D3,XNAS,WATT,Common Stock
USD,CHILDREN'S PLACE INC/THE,PLCE,BBG000JK9DK4,XNAS,PLCE,Common Stock
USD,CHEESECAKE FACTORY INC/THE,CAKE,BBG000CS8TM8,XNAS,CAKE,Common Stock
USD,PENN VIRGINIA CORP,PVAC,BBG00F7W51G3,XNAS,PVAC,Common Stock
USD,PLURISTEM THERAPEUTICS INC,PSTI,BBG000DQX509,XNAS,PSTI,Common Stock
USD,ADVANCED MICRO DEVICES,AMD,BBG000BBQCY0,XNAS,AMD,Common Stock
USD,CARDIFF ONCOLOGY INC,CRDF,BBG000PXLKM7,XNAS,CRDF,Common Stock
USD,CHANGE HEALTHCARE INC,CHNG,BBG0059KNH10,XNAS,CHNG,Common Stock
USD,RED ROBIN GOURMET BURGERS,RRGB,BBG000MXH9C1,XNAS,RRGB,Common Stock
USD,WYNN RESORTS LTD,WYNN,BBG000LD9JQ8,XNAS,WYNN,Common Stock
USD,JETBLUE AIRWAYS CORP,JBLU,BBG000BRQ6L2,XNAS,JBLU,Common Stock
USD,MILESTONE PHARMACEUTICALS IN,MIST,BBG009DR4MN8,XNAS,MIST,Common Stock
USD,CHEMBIO DIAGNOSTICS INC,CEMI,BBG000BLDXT2,XNAS,CEMI,Common Stock
USD,ENPHASE ENERGY INC,ENPH,BBG001R3MNY9,XNAS,ENPH,Common Stock
USD,BIOCRYST PHARMACEUTICALS INC,BCRX,BBG000BLYWX6,XNAS,BCRX,Common Stock
USD,MODERNA INC,MRNA,BBG003PHHZT1,XNAS,MRNA,Common Stock
USD,MINERVA NEUROSCIENCES INC,NERV,BBG0067S9Z73,XNAS,NERV,Common Stock
USD,RUTH'S HOSPITALITY GROUP INC,RUTH,BBG000DL14H0,XNAS,RUTH,Common Stock
USD,ALTIMMUNE INC,ALT,BBG000FXML90,XNAS,ALT,Common Stock
USD,NIKOLA CORP,NKLA,BBG00L4CWQ45,XNAS,NKLA,Common Stock
USD,CAESARS ENTERTAINMENT INC,CZR,BBG0074Q3NK6,XNAS,CZR,Common Stock
USD,SUNRUN INC,RUN,BBG0025XVR85,XNAS,RUN,Common Stock
USD,VIR BIOTECHNOLOGY INC,VIR,BBG00H2QQ8T5,XNAS,VIR,Common Stock
USD,1LIFE HEALTHCARE INC,ONEM,BBG0026ZDDQ0,XNAS,ONEM,Common Stock
USD,KODIAK SCIENCES INC,KOD,BBG00BVR0D02,XNAS,KOD,Common Stock
USD,OPTION CARE HEALTH INC,OPCH,BBG000BQK480,XNAS,OPCH,Common Stock
USD,IMMUNOVANT INC,IMVT,BBG00P5MC0Q8,XNAS,IMVT,Common Stock
USD,TG THERAPEUTICS INC,TGTX,BBG000FVZQY1,XNAS,TGTX,Common Stock
USD,BRIDGEBIO PHARMA INC,BBIO,BBG00P9KDZK6,XNAS,BBIO,Common Stock
USD,DENALI THERAPEUTICS INC,DNLI,BBG008P7F869,XNAS,DNLI,Common Stock
USD,APELLIS PHARMACEUTICALS INC,APLS,BBG007KGRPY4,XNAS,APLS,Common Stock
USD,PROGYNY INC,PGNY,BBG002H1K1H1,XNAS,PGNY,Common Stock
USD,DECIPHERA PHARMACEUTICALS IN,DCPH,BBG00HMJ9H54,XNAS,DCPH,Common Stock
USD,FATE THERAPEUTICS INC,FATE,BBG000QP35H2,XNAS,FATE,Common Stock
USD,ROYALTY PHARMA PLC- CL A,RPRX,BBG00V1L5YZ5,XNAS,RPRX,Common Stock
USD,COVETRUS INC,CVET,BBG00KR691K8,XNAS,CVET,Common Stock
USD,IOVANCE BIOTHERAPEUTICS INC,IOVA,BBG000FTLBV7,XNAS,IOVA,Common Stock
USD,ARVINAS INC,ARVN,BBG00LW7YK82,XNAS,ARVN,Common Stock
USD,NATERA INC,NTRA,BBG001J1BQ86,XNAS,NTRA,Common Stock
USD,ARROWHEAD PHARMACEUTICALS IN,ARWR,BBG000BRVKH0,XNAS,ARWR,Common Stock
USD,PTC THERAPEUTICS INC,PTCT,BBG000QT15P7,XNAS,PTCT,Common Stock
USD,ADAPTIVE BIOTECHNOLOGIES,ADPT,BBG001J2PFF5,XNAS,ADPT,Common Stock
USD,ALLOGENE THERAPEUTICS INC,ALLO,BBG00KHRRDX3,XNAS,ALLO,Common Stock
USD,SAGE THERAPEUTICS INC,SAGE,BBG0025X16Y5,XNAS,SAGE,Common Stock
USD,INSMED INC,INSM,BBG000BWM5P3,XNAS,INSM,Common Stock
USD,MERIT MEDICAL SYSTEMS INC,MMSI,BBG000C42VX0,XNAS,MMSI,Common Stock
USD,ACADIA PHARMACEUTICALS INC,ACAD,BBG000BHG9K0,XNAS,ACAD,Common Stock
USD,ACADIA HEALTHCARE CO INC,ACHC,BBG000FPNN38,XNAS,ACHC,Common Stock
USD,HEALTHCARE SERVICES GROUP,HCSG,BBG000BKYVF0,XNAS,HCSG,Common Stock
USD,HALOZYME THERAPEUTICS INC,HALO,BBG000CZ8W54,XNAS,HALO,Common Stock
USD,ZOOMINFO TECHNOLOGIES INC-A,ZI,BBG00S1HJ3M8,XNAS,ZI,Common Stock
USD,NUTANIX INC - A,NTNX,BBG001NDW1Z7,XNAS,NTNX,Common Stock
USD,LYFT INC-A,LYFT,BBG004M9ZHX5,XNAS,LYFT,Common Stock
USD,II-VI INC,IIVI,BBG000BLW102,XNAS,IIVI,Common Stock
USD,LIVEPERSON INC,LPSN,BBG000BSV0W5,XNAS,LPSN,Common Stock
USD,MACOM TECHNOLOGY SOLUTIONS H,MTSI,BBG000LJQ3H1,XNAS,MTSI,Common Stock
USD,MIMECAST LTD,MIME,BBG00B6W26V8,XNAS,MIME,Common Stock
USD,STONECO LTD-A,STNE,BBG00M4ZQDK0,XNAS,STNE,Common Stock
USD,TENABLE HOLDINGS INC,TENB,BBG00LBLCD02,XNAS,TENB,Common Stock
USD,FIREEYE INC,FEYE,BBG0020B4JG7,XNAS,FEYE,Common Stock
USD,VIASAT INC,VSAT,BBG000HHLBF9,XNAS,VSAT,Common Stock
USD,BOTTOMLINE TECHNOLOGIES (DE),EPAY,BBG000BRNH31,XNAS,EPAY,Common Stock
USD,LATTICE SEMICONDUCTOR CORP,LSCC,BBG000C2D1C1,XNAS,LSCC,Common Stock
USD,ON SEMICONDUCTOR CORP,ON,BBG000DV7MX4,XNAS,ON,Common Stock
USD,FORMFACTOR INC,FORM,BBG000D1Y3P1,XNAS,FORM,Common Stock
USD,AMKOR TECHNOLOGY INC,AMKR,BBG000BCKGW7,XNAS,AMKR,Common Stock
USD,CIENA CORP,CIEN,BBG000BP1152,XNYS,CIEN,Common Stock
USD,EVERI HOLDINGS INC,EVRI,BBG000H1B407,XNYS,EVRI,Common Stock
USD,CHEMOURS CO/THE,CC,BBG005H82GB2,XNYS,CC,Common Stock
USD,APTIV PLC,APTV,BBG001QD41M9,XNYS,APTV,Common Stock
USD,IQVIA HOLDINGS INC,IQV,BBG00333FYS2,XNYS,IQV,Common Stock
USD,SCORPIO TANKERS INC,STNG,BBG000Q1TVZ0,XNYS,STNG,Common Stock
USD,INVESCO LTD,IVZ,BBG000BY2Y78,XNYS,IVZ,Common Stock
USD,JEFFERIES FINANCIAL GROUP IN,JEF,BBG000BNHSP9,XNYS,JEF,Common Stock
USD,CNH INDUSTRIAL NV,CNHI,BBG0059JSF49,XNYS,CNHI,Common Stock
USD,ALBERTSONS COS INC - CLASS A,ACI,BBG009KG1750,XNYS,ACI,Common Stock
USD,FIRST HORIZON CORP,FHN,BBG000GHZSZ6,XNYS,FHN,Common Stock
USD,REVOLVE GROUP INC,RVLV,BBG00M4RHBD0,XNYS,RVLV,Common Stock
USD,RAYTHEON TECHNOLOGIES CORP,RTX,BBG000BW8S60,XNYS,RTX,Common Stock
USD,ARES MANAGEMENT CORP - A,ARES,BBG0068KVV91,XNYS,ARES,Common Stock
USD,MOSAIC CO/THE,MOS,BBG000BFXHL6,XNYS,MOS,Common Stock
USD,ZIMMER BIOMET HOLDINGS INC,ZBH,BBG000BKPL53,XNYS,ZBH,Common Stock
USD,SERVICE CORP INTERNATIONAL,SCI,BBG000BTHH16,XNYS,SCI,Common Stock
USD,FIRST BANCORP PUERTO RICO,FBP,BBG000CYKKX8,XNYS,FBP,Common Stock
USD,HECLA MINING CO,HL,BBG000BL5W86,XNYS,HL,Common Stock
USD,FLOWSERVE CORP,FLS,BBG000FFH4P5,XNYS,FLS,Common Stock
USD,FREEPORT-MCMORAN INC,FCX,BBG000BJDB15,XNYS,FCX,Common Stock
USD,TELADOC HEALTH INC,TDOC,BBG0019T5SG0,XNYS,TDOC,Common Stock
USD,HP INC,HPQ,BBG000KHWT55,XNYS,HPQ,Common Stock
USD,SYNCHRONY FINANCIAL,SYF,BBG00658F3P3,XNYS,SYF,Common Stock
USD,P G & E CORP,PCG,BBG000BQWPC5,XNYS,PCG,Common Stock
USD,GUESS? INC,GES,BBG000BC26P7,XNYS,GES,Common Stock
USD,NORFOLK SOUTHERN CORP,NSC,BBG000BQ5DS5,XNYS,NSC,Common Stock
USD,DAVITA INC,DVA,BBG000MQ1SN9,XNYS,DVA,Common Stock
USD,NUCOR CORP,NUE,BBG000BQ8KV2,XNYS,NUE,Common Stock
USD,LOUISIANA-PACIFIC CORP,LPX,BBG000BNF508,XNYS,LPX,Common Stock
USD,CLEVELAND-CLIFFS INC,CLF,BBG000BFRF55,XNYS,CLF,Common Stock
USD,SCHLUMBERGER LTD,SLB,BBG000BT41Q8,XNYS,SLB,Common Stock
USD,TAYLOR MORRISON HOME CORP,TMHC,BBG003PGJHP5,XNYS,TMHC,Common Stock
USD,SPIRIT AEROSYSTEMS HOLD-CL A,SPR,BBG000PRJ2Z9,XNYS,SPR,Common Stock
USD,TRUIST FINANCIAL CORP,TFC,BBG000BYYLS8,XNYS,TFC,Common Stock
USD,EDWARDS LIFESCIENCES CORP,EW,BBG000BRXP69,XNYS,EW,Common Stock
USD,NEXTIER OILFIELD SOLUTIONS I,NEX,BBG00FJFZY81,XNYS,NEX,Common Stock
USD,KAR AUCTION SERVICES INC,KAR,BBG000VZHLL9,XNYS,KAR,Common Stock
USD,REGIONS FINANCIAL CORP,RF,BBG000Q3JN03,XNYS,RF,Common Stock
USD,UNITED NATURAL FOODS INC,UNFI,BBG000BXB1M5,XNYS,UNFI,Common Stock
USD,WESCO INTERNATIONAL INC,WCC,BBG000D0FNV3,XNYS,WCC,Common Stock
USD,FLOOR & DECOR HOLDINGS INC-A,FND,BBG007GJ2F81,XNYS,FND,Common Stock
USD,EVENTBRITE INC-CLASS A,EB,BBG001PM3R08,XNYS,EB,Common Stock
USD,TWILIO INC - A,TWLO,BBG0029ZX840,XNYS,TWLO,Common Stock
USD,SKECHERS USA INC-CL A,SKX,BBG000C4HKK2,XNYS,SKX,Common Stock
USD,CNO FINANCIAL GROUP INC,CNO,BBG000Q1GK24,XNYS,CNO,Common Stock
USD,HEXCEL CORP,HXL,BBG000BLMDQ9,XNYS,HXL,Common Stock
USD,W&T OFFSHORE INC,WTI,BBG000FFFQR6,XNYS,WTI,Common Stock
USD,SCHWAB (CHARLES) CORP,SCHW,BBG000BSLZY7,XNYS,SCHW,Common Stock
USD,SHIFT4 PAYMENTS INC-CLASS A,FOUR,BBG00TX393L4,XNYS,FOUR,Common Stock
USD,INTERNATIONAL PAPER CO,IP,BBG000BM5SR2,XNYS,IP,Common Stock
USD,HERBALIFE NUTRITION LTD,HLF,BBG000MM5VL9,XNYS,HLF,Common Stock
USD,BANKUNITED INC,BKU,BBG000PQPCM6,XNYS,BKU,Common Stock
USD,QUANTA SERVICES INC,PWR,BBG000BBL8V7,XNYS,PWR,Common Stock
USD,MOHAWK INDUSTRIES INC,MHK,BBG000FLZN98,XNYS,MHK,Common Stock
USD,SOUTHWEST AIRLINES CO,LUV,BBG000BNJHS8,XNYS,LUV,Common Stock
USD,SERVICENOW INC,NOW,BBG000M1R011,XNYS,NOW,Common Stock
USD,HYATT HOTELS CORP - CL A,H,BBG000CVRFS4,XNYS,H,Common Stock
USD,FARFETCH LTD-CLASS A,FTCH,BBG00LSD4456,XNYS,FTCH,Common Stock
USD,TEREX CORP,TEX,BBG000C7B436,XNYS,TEX,Common Stock
USD,DIEBOLD NIXDORF INC,DBD,BBG000BGYDX9,XNYS,DBD,Common Stock
USD,PURE STORAGE INC - CLASS A,PSTG,BBG00212PVZ5,XNYS,PSTG,Common Stock
USD,VERTIV HOLDINGS CO,VRT,BBG00L2B8KW8,XNYS,VRT,Common Stock
USD,SYNOVUS FINANCIAL CORP,SNV,BBG000BLNZL4,XNYS,SNV,Common Stock
USD,ASSOCIATED BANC-CORP,ASB,BBG000BCFQC3,XNYS,ASB,Common Stock
USD,HILTON WORLDWIDE HOLDINGS IN,HLT,BBG0058KMH30,XNYS,HLT,Common Stock
USD,TARGA RESOURCES CORP,TRGP,BBG0015XMW40,XNYS,TRGP,Common Stock
USD,CROWN HOLDINGS INC,CCK,BBG000BF6756,XNYS,CCK,Common Stock
USD,CHUBB LTD,CB,BBG000BR14K5,XNYS,CB,Common Stock
USD,METLIFE INC,MET,BBG000BB6KF5,XNYS,MET,Common Stock
USD,US FOODS HOLDING CORP,USFD,BBG00C6H6D40,XNYS,USFD,Common Stock
USD,PIONEER NATURAL RESOURCES CO,PXD,BBG000BXRPH1,XNYS,PXD,Common Stock
USD,AERCAP HOLDINGS NV,AER,BBG000Q9FZL4,XNYS,AER,Common Stock
USD,TEXTRON INC,TXT,BBG000BVVQQ8,XNYS,TXT,Common Stock
USD,EQUITRANS MIDSTREAM CORP,ETRN,BBG00K53L394,XNYS,ETRN,Common Stock
USD,PHILLIPS 66,PSX,BBG00286S4N9,XNYS,PSX,Common Stock
USD,SUMMIT MATERIALS INC -CL A,SUM,BBG006K8P6D1,XNYS,SUM,Common Stock
USD,CHURCH & DWIGHT CO INC,CHD,BBG000BFJT36,XNYS,CHD,Common Stock
USD,GRAPHIC PACKAGING HOLDING CO,GPK,BBG000GQ7K93,XNYS,GPK,Common Stock
USD,DOMINION ENERGY INC,D,BBG000BGVW60,XNYS,D,Common Stock
USD,KONTOOR BRANDS INC,KTB,BBG00LPTHYD5,XNYS,KTB,Common Stock
USD,WAYFAIR INC- CLASS A,W,BBG001B17MV2,XNYS,W,Common Stock
USD,CITIZENS FINANCIAL GROUP,CFG,BBG006Q0HY77,XNYS,CFG,Common Stock
USD,CHEGG INC,CHGG,BBG0014XR0N5,XNYS,CHGG,Common Stock
USD,AZEK CO INC/THE,AZEK,BBG00RPJPN67,XNYS,AZEK,Common Stock
USD,CENTERPOINT ENERGY INC,CNP,BBG000FDBX90,XNYS,CNP,Common Stock
USD,HEWLETT PACKARD ENTERPRISE,HPE,BBG0078W3NQ3,XNYS,HPE,Common Stock
USD,GLOBAL PAYMENTS INC,GPN,BBG000CX0P89,XNYS,GPN,Common Stock
USD,TRANE TECHNOLOGIES PLC,TT,BBG000BM6788,XNYS,TT,Common Stock
USD,ARLO TECHNOLOGIES INC,ARLO,BBG00K88DTH3,XNYS,ARLO,Common Stock
USD,CNX RESOURCES CORP,CNX,BBG000CKVSG8,XNYS,CNX,Common Stock
USD,CORECIVIC INC,CXW,BBG000BJSJT2,XNYS,CXW,Common Stock
USD,AVAYA HOLDINGS CORP,AVYA,BBG001QYK8T3,XNYS,AVYA,Common Stock
USD,ALBEMARLE CORP,ALB,BBG000BJ26K7,XNYS,ALB,Common Stock
USD,PVH CORP,PVH,BBG000BRRG02,XNYS,PVH,Common Stock
USD,FOOT LOCKER INC,FL,BBG000BX8DC4,XNYS,FL,Common Stock
USD,DELEK US HOLDINGS INC,DK,BBG00FZYFVC5,XNYS,DK,Common Stock
USD,DHT HOLDINGS INC,DHT,BBG000G3RXX7,XNYS,DHT,Common Stock
USD,TWITTER INC,TWTR,BBG000H6HNW3,XNYS,TWTR,Common Stock
USD,AMCOR PLC,AMCR,BBG00LNJRQ09,XNYS,AMCR,Common Stock
USD,AMERICAN EXPRESS CO,AXP,BBG000BCQZS4,XNYS,AXP,Common Stock
USD,MORGAN STANLEY,MS,BBG000BLZRJ2,XNYS,MS,Common Stock
USD,OLIN CORP,OLN,BBG000BQHTV3,XNYS,OLN,Common Stock
USD,ADIENT PLC,ADNT,BBG009PN0C87,XNYS,ADNT,Common Stock
USD,FLUOR CORP,FLR,BBG000BB1TH9,XNYS,FLR,Common Stock
USD,VECTOR GROUP LTD,VGR,BBG000CXKKZ8,XNYS,VGR,Common Stock
USD,3D SYSTEMS CORP,DDD,BBG000D42FJ0,XNYS,DDD,Common Stock
USD,TERADATA CORP,TDC,BBG000R0L5J4,XNYS,TDC,Common Stock
USD,LEGGETT & PLATT INC,LEG,BBG000BN53G7,XNYS,LEG,Common Stock
USD,TECHNIPFMC PLC,FTI,BBG00DL8NMV2,XNYS,FTI,Common Stock
USD,ENTERGY CORP,ETR,BBG000C1FQS9,XNYS,ETR,Common Stock
USD,ARCONIC CORP,ARNC,BBG00R45JYB7,XNYS,ARNC,Common Stock
USD,MEDNAX INC,MD,BBG000H8LGK2,XNYS,MD,Common Stock
USD,WESTROCK CO,WRK,BBG008NXC572,XNYS,WRK,Common Stock
USD,KEYCORP,KEY,BBG000BMQPL1,XNYS,KEY,Common Stock
USD,ELANCO ANIMAL HEALTH INC,ELAN,BBG00LJYS1P8,XNYS,ELAN,Common Stock
USD,ALTICE USA INC- A,ATUS,BBG00GFMPRK0,XNYS,ATUS,Common Stock
USD,BOYD GAMING CORP,BYD,BBG000BHX9P6,XNYS,BYD,Common Stock
USD,FRONTLINE LTD,FRO,BBG000BTQNQ6,XNYS,FRO,Common Stock
USD,COVANTA HOLDING CORP,CVA,BBG000C60K98,XNYS,CVA,Common Stock
USD,DUPONT DE NEMOURS INC,DD,BBG00BN961G4,XNYS,DD,Common Stock
USD,PERFORMANCE FOOD GROUP CO,PFGC,BBG009XW2WB8,XNYS,PFGC,Common Stock
USD,WELLS FARGO & CO,WFC,BBG000BWQFY7,XNYS,WFC,Common Stock
USD,LINCOLN NATIONAL CORP,LNC,BBG000BNC3Y9,XNYS,LNC,Common Stock
USD,BORGWARNER INC,BWA,BBG000BJ49H3,XNYS,BWA,Common Stock
USD,THOR INDUSTRIES INC,THO,BBG000BV6R84,XNYS,THO,Common Stock
USD,MYOVANT SCIENCES LTD,MYOV,BBG00DY7YQK1,XNYS,MYOV,Common Stock
USD,CORE LABORATORIES N.V.,CLB,BBG000JKCWS0,XNYS,CLB,Common Stock
USD,SIX FLAGS ENTERTAINMENT CORP,SIX,BBG000F4W0M4,XNYS,SIX,Common Stock
USD,CHEVRON CORP,CVX,BBG000K4ND22,XNYS,CVX,Common Stock
USD,MEREDITH CORP,MDP,BBG000BNVNY4,XNYS,MDP,Common Stock
USD,PBF ENERGY INC-CLASS A,PBF,BBG002832GV8,XNYS,PBF,Common Stock
USD,KBR INC,KBR,BBG000P28YZ6,XNYS,KBR,Common Stock
USD,VISTA OUTDOOR INC,VSTO,BBG006F8QZK4,XNYS,VSTO,Common Stock
USD,ESSENT GROUP LTD,ESNT,BBG0058YL7G9,XNYS,ESNT,Common Stock
USD,CONOCOPHILLIPS,COP,BBG000BQQH30,XNYS,COP,Common Stock
USD,ELASTIC NV,ESTC,BBG00LWZDYB9,XNYS,ESTC,Common Stock
USD,HCA HEALTHCARE INC,HCA,BBG000QW7VC1,XNYS,HCA,Common Stock
USD,ADT INC,ADT,BBG000BP9WJ1,XNYS,ADT,Common Stock
USD,COMERICA INC,CMA,BBG000C75N77,XNYS,CMA,Common Stock
USD,NORDSTROM INC,JWN,BBG000G8N9C6,XNYS,JWN,Common Stock
USD,HARTFORD FINANCIAL SVCS GRP,HIG,BBG000G0Z878,XNYS,HIG,Common Stock
USD,NOW INC,DNOW,BBG005BLN209,XNYS,DNOW,Common Stock
USD,ALCOA CORP,AA,BBG00B3T3HD3,XNYS,AA,Common Stock
USD,ANTHEM INC,ANTM,BBG000BCG930,XNYS,ANTM,Common Stock
USD,NOV INC,NOV,BBG000BJX8C8,XNYS,NOV,Common Stock
USD,MCKESSON CORP,MCK,BBG000DYGNW7,XNYS,MCK,Common Stock
USD,DICK'S SPORTING GOODS INC,DKS,BBG000F6ZWH2,XNYS,DKS,Common Stock
USD,NIELSEN HOLDINGS PLC,NLSN,BBG0088CYPX8,XNYS,NLSN,Common Stock
USD,KINDER MORGAN INC,KMI,BBG0019JZ882,XNYS,KMI,Common Stock
USD,KANSAS CITY SOUTHERN,KSU,BBG000BMZ7P7,XNYS,KSU,Common Stock
USD,MGIC INVESTMENT CORP,MTG,BBG000CBMH27,XNYS,MTG,Common Stock
USD,EURONAV NV,EURN,BBG00805YZG8,XNYS,EURN,Common Stock
USD,INGERSOLL-RAND INC,IR,BBG002R1CW27,XNYS,IR,Common Stock
USD,ALTERYX INC - CLASS A,AYX,BBG000BGZT72,XNYS,AYX,Common Stock
USD,YEXT INC,YEXT,BBG001MKZGY7,XNYS,YEXT,Common Stock
USD,8X8 INC,EGHT,BBG000BCGHH7,XNYS,EGHT,Common Stock
USD,DEVON ENERGY CORP,DVN,BBG000BBVJZ8,XNYS,DVN,Common Stock
USD,O-I GLASS INC,OI,BBG00R2JZG39,XNYS,OI,Common Stock
USD,EXXON MOBIL CORP,XOM,BBG000GZQ728,XNYS,XOM,Common Stock
USD,POLARIS INC,PII,BBG000D5S4M0,XNYS,PII,Common Stock
USD,STANLEY BLACK & DECKER INC,SWK,BBG000BTQR96,XNYS,SWK,Common Stock
USD,GENERAL MOTORS CO,GM,BBG000NDYB67,XNYS,GM,Common Stock
USD,BRIGHTSPHERE INVESTMENT GROU,BSIG,BBG00P2HLNY3,XNYS,BSIG,Common Stock
USD,VALERO ENERGY CORP,VLO,BBG000BBGGQ1,XNYS,VLO,Common Stock
USD,DARDEN RESTAURANTS INC,DRI,BBG000BBNYF6,XNYS,DRI,Common Stock
USD,CARRIER GLOBAL CORP,CARR,BBG00RP5HYS8,XNYS,CARR,Common Stock
USD,MOLSON COORS BEVERAGE CO - B,TAP,BBG000BS7KS3,XNYS,TAP,Common Stock
USD,LENNAR CORP-A,LEN,BBG000BN5HF7,XNYS,LEN,Common Stock
USD,API GROUP CORP,APG,BBG00HXKRGY9,XNYS,APG,Common Stock
USD,INTERPUBLIC GROUP OF COS INC,IPG,BBG000C90DH9,XNYS,IPG,Common Stock
USD,CBRE GROUP INC - A,CBRE,BBG000C04224,XNYS,CBRE,Common Stock
USD,LOEWS CORP,L,BBG000C45984,XNYS,L,Common Stock
USD,GOLDMAN SACHS GROUP INC,GS,BBG000C6CFJ5,XNYS,GS,Common Stock
USD,NEOPHOTONICS CORP,NPTN,BBG000CL6VN9,XNYS,NPTN,Common Stock
USD,YETI HOLDINGS INC,YETI,BBG00D8JC882,XNYS,YETI,Common Stock
USD,CATALENT INC,CTLT,BBG005XR47P5,XNYS,CTLT,Common Stock
USD,L3HARRIS TECHNOLOGIES INC,LHX,BBG000BLGFJ9,XNYS,LHX,Common Stock
USD,ATHENE HOLDING LTD-CLASS A,ATH,BBG00CW2JCN1,XNYS,ATH,Common Stock
USD,CADENCE BANCORP,CADE,BBG00BZSZZD5,XNYS,CADE,Common Stock
USD,UNITED RENTALS INC,URI,BBG000BXMFC3,XNYS,URI,Common Stock
USD,AVANTOR INC,AVTR,BBG00G2HHYD7,XNYS,AVTR,Common Stock
USD,CAPITAL ONE FINANCIAL CORP,COF,BBG000BGKTF9,XNYS,COF,Common Stock
USD,CORTEVA INC,CTVA,BBG00BN969C1,XNYS,CTVA,Common Stock
USD,SMITH (A.O.) CORP,AOS,BBG000BC1L02,XNYS,AOS,Common Stock
USD,DANA INC,DAN,BBG000TCD088,XNYS,DAN,Common Stock
USD,JABIL INC,JBL,BBG000BJNGN9,XNYS,JBL,Common Stock
USD,UNUM GROUP,UNM,BBG000BW2QX0,XNYS,UNM,Common Stock
USD,CARDINAL HEALTH INC,CAH,BBG000D898T9,XNYS,CAH,Common Stock
USD,LAS VEGAS SANDS CORP,LVS,BBG000JWD753,XNYS,LVS,Common Stock
USD,APOLLO GLOBAL MANAGEMENT INC,APO,BBG001LRKS55,XNYS,APO,Common Stock
USD,ONEMAIN HOLDINGS INC,OMF,BBG005497GZ3,XNYS,OMF,Common Stock
USD,US BANCORP,USB,BBG000FFDM15,XNYS,USB,Common Stock
USD,WABTEC CORP,WAB,BBG000BDD940,XNYS,WAB,Common Stock
USD,TEEKAY TANKERS LTD-CLASS A,TNK,BBG000QRMZH1,XNYS,TNK,Common Stock
USD,SAILPOINT TECHNOLOGIES HOLDI,SAIL,BBG00J0BBZL0,XNYS,SAIL,Common Stock
USD,CENTENE CORP,CNC,BBG000BDXCJ5,XNYS,CNC,Common Stock
USD,OLD REPUBLIC INTL CORP,ORI,BBG000C4PLF7,XNYS,ORI,Common Stock
USD,FRANKLIN RESOURCES INC,BEN,BBG000BD0TF8,XNYS,BEN,Common Stock
USD,FIRSTENERGY CORP,FE,BBG000BB6M98,XNYS,FE,Common Stock
USD,SQUARE INC - A,SQ,BBG0018SLC07,XNYS,SQ,Common Stock
USD,SWITCH INC - A,SWCH,BBG00HPDM5Z2,XNYS,SWCH,Common Stock
USD,CONTINENTAL RESOURCES INC/OK,CLR,BBG000BHBGN6,XNYS,CLR,Common Stock
USD,AECOM,ACM,BBG000F61RJ8,XNYS,ACM,Common Stock
USD,CAPRI HOLDINGS LTD,CPRI,BBG0029SNR63,XNYS,CPRI,Common Stock
USD,HOLLYFRONTIER CORP,HFC,BBG000BL9JQ1,XNYS,HFC,Common Stock
USD,ROBERT HALF INTL INC,RHI,BBG000BS5DR2,XNYS,RHI,Common Stock
USD,CANNAE HOLDINGS INC,CNNE,BBG00GXRNJP4,XNYS,CNNE,Common Stock
USD,UNDER ARMOUR INC-CLASS A,UAA,BBG000BXM6V2,XNYS,UAA,Common Stock
USD,OGE ENERGY CORP,OGE,BBG000BQGLS5,XNYS,OGE,Common Stock
USD,TRIUMPH GROUP INC,TGI,BBG000BM7L13,XNYS,TGI,Common Stock
USD,ALLIANCE DATA SYSTEMS CORP,ADS,BBG000BFNR17,XNYS,ADS,Common Stock
USD,CIT GROUP INC,CIT,BBG000Q0BPZ4,XNYS,CIT,Common Stock
USD,KNIGHT-SWIFT TRANSPORTATION,KNX,BBG000BFC848,XNYS,KNX,Common Stock
USD,HELIX ENERGY SOLUTIONS GROUP,HLX,BBG000J7Q1L9,XNYS,HLX,Common Stock
USD,AMERICAN INTERNATIONAL GROUP,AIG,BBG000BBDZG3,XNYS,AIG,Common Stock
USD,STERLING BANCORP/DE,STL,BBG000CLNSF6,XNYS,STL,Common Stock
USD,CALLAWAY GOLF COMPANY,ELY,BBG000CPCVY1,XNYS,ELY,Common Stock
USD,MAGNOLIA OIL & GAS CORP - A,MGY,BBG00GNC8DL2,XNYS,MGY,Common Stock
USD,VISHAY INTERTECHNOLOGY INC,VSH,BBG000BWKB81,XNYS,VSH,Common Stock
USD,HANESBRANDS INC,HBI,BBG000D2ZTS8,XNYS,HBI,Common Stock
USD,SENSATA TECHNOLOGIES HOLDING,ST,BBG00JPGYW43,XNYS,ST,Common Stock
USD,TRINITY INDUSTRIES INC,TRN,BBG000BVL2G3,XNYS,TRN,Common Stock
USD,TEGNA INC,TGNA,BBG000BK5DP1,XNYS,TGNA,Common Stock
USD,DELL TECHNOLOGIES -C,DELL,BBG00DW3SZS1,XNYS,DELL,Common Stock
USD,CARS.COM INC,CARS,BBG000HGTH33,XNYS,CARS,Common Stock
USD,AMERICAN AXLE & MFG HOLDINGS,AXL,BBG000BPYZV2,XNYS,AXL,Common Stock
USD,SELECTQUOTE INC,SLQT,BBG000GTP1B6,XNYS,SLQT,Common Stock
USD,VISTRA CORP,VST,BBG00DXDL6Q1,XNYS,VST,Common Stock
USD,BANK OF NEW YORK MELLON CORP,BK,BBG000BD8PN9,XNYS,BK,Common Stock
USD,AMERIPRISE FINANCIAL INC,AMP,BBG000G3QLY3,XNYS,AMP,Common Stock
USD,ENVISTA HOLDINGS CORP,NVST,BBG00LN4B5N0,XNYS,NVST,Common Stock
USD,GLOBUS MEDICAL INC - A,GMED,BBG002V87SD0,XNYS,GMED,Common Stock
USD,CARVANA CO,CVNA,BBG00GCTWDJ3,XNYS,CVNA,Common Stock
USD,UNDER ARMOUR INC-CLASS C,UA,BBG009DTD8H2,XNYS,UA,Common Stock
USD,CHEWY INC - CLASS A,CHWY,BBG00P19DKZ6,XNYS,CHWY,Common Stock
USD,RESIDEO TECHNOLOGIES INC,REZI,BBG00HY28K89,XNYS,REZI,Common Stock
USD,CIGNA CORP,CI,BBG00KXRCDP0,XNYS,CI,Common Stock
USD,BAKER HUGHES CO,BKR,BBG00GBVBK51,XNYS,BKR,Common Stock
USD,XYLEM INC,XYL,BBG001D8R5D0,XNYS,XYL,Common Stock
USD,DUN & BRADSTREET HOLDINGS IN,DNB,BBG00VCZX9Z6,XNYS,DNB,Common Stock
USD,OMNICOM GROUP,OMC,BBG000BS9489,XNYS,OMC,Common Stock
USD,AVALARA INC,AVLR,BBG000R4Y9C1,XNYS,AVLR,Common Stock
USD,TOLL BROTHERS INC,TOL,BBG000BVHBM1,XNYS,TOL,Common Stock
USD,SEALED AIR CORP,SEE,BBG000C22QV7,XNYS,SEE,Common Stock
USD,SALESFORCE.COM INC,CRM,BBG000BN2DC2,XNYS,CRM,Common Stock
USD,STRIDE INC,LRN,BBG000QSXPZ9,XNYS,LRN,Common Stock
USD,FNB CORP,FNB,BBG000BJ9B29,XNYS,FNB,Common Stock
USD,PUBLIC SERVICE ENTERPRISE GP,PEG,BBG000BQZMH4,XNYS,PEG,Common Stock
USD,YUM CHINA HOLDINGS INC,YUMC,BBG00B8N0HG1,XNYS,YUMC,Common Stock
USD,LENDINGCLUB CORP,LC,BBG001YKDND6,XNYS,LC,Common Stock
USD,SPOTIFY TECHNOLOGY SA,SPOT,BBG003T4VFC2,XNYS,SPOT,Common Stock
USD,PLANET FITNESS INC - CL A,PLNT,BBG009H04M17,XNYS,PLNT,Common Stock
USD,BJ'S WHOLESALE CLUB HOLDINGS,BJ,BBG00FQ8T4G3,XNYS,BJ,Common Stock
USD,TENNECO INC-CLASS A,TEN,BBG000BJB6R0,XNYS,TEN,Common Stock
USD,LIVE NATION ENTERTAINMENT IN,LYV,BBG000FQ7YR4,XNYS,LYV,Common Stock
USD,VEEVA SYSTEMS INC-CLASS A,VEEV,BBG001CGB489,XNYS,VEEV,Common Stock
USD,GRAFTECH INTERNATIONAL LTD,EAF,BBG00KDYT8C4,XNYS,EAF,Common Stock
USD,WILLIAMS COS INC,WMB,BBG000BWVCP8,XNYS,WMB,Common Stock
USD,TRAVELERS COS INC/THE,TRV,BBG000BJ81C1,XNYS,TRV,Common Stock
USD,ARCHROCK INC,AROC,BBG000RWH1V4,XNYS,AROC,Common Stock
USD,EDISON INTERNATIONAL,EIX,BBG000D7RKJ5,XNYS,EIX,Common Stock
USD,PITNEY BOWES INC,PBI,BBG000BQTMJ9,XNYS,PBI,Common Stock
USD,NEW RELIC INC,NEWR,BBG001NFKJ68,XNYS,NEWR,Common Stock
USD,JANUS HENDERSON GROUP PLC,JHG,BBG00GSNPM07,XNYS,JHG,Common Stock
USD,CITIGROUP INC,C,BBG000FY4S11,XNYS,C,Common Stock
USD,ZENDESK INC,ZEN,BBG001HRFJG4,XNYS,ZEN,Common Stock
USD,COMMUNITY HEALTH SYSTEMS INC,CYH,BBG000BDY3Y7,XNYS,CYH,Common Stock
USD,HALLIBURTON CO,HAL,BBG000BKTFN2,XNYS,HAL,Common Stock
USD,ANTERO MIDSTREAM CORP,AM,BBG00GBNZ4M0,XNYS,AM,Common Stock
USD,GENERAL ELECTRIC CO,GE,BBG000BK6MB5,XNYS,GE,Common Stock
USD,STATE STREET CORP,STT,BBG000BKFBD7,XNYS,STT,Common Stock
USD,PROPETRO HOLDING CORP,PUMP,BBG00FYCQ352,XNYS,PUMP,Common Stock
USD,MURPHY OIL CORP,MUR,BBG000BPMH90,XNYS,MUR,Common Stock
USD,FORD MOTOR CO,F,BBG000BQPC32,XNYS,F,Common Stock
USD,SALLY BEAUTY HOLDINGS INC,SBH,BBG000LR8515,XNYS,SBH,Common Stock
USD,CONSOLIDATED EDISON INC,ED,BBG000BHLYS1,XNYS,ED,Common Stock
USD,ELEMENT SOLUTIONS INC,ESI,BBG005C4XHR3,XNYS,ESI,Common Stock
USD,REALOGY HOLDINGS CORP,RLGY,BBG000QN4GY3,XNYS,RLGY,Common Stock
USD,FORTUNE BRANDS HOME & SECURI,FBHS,BBG001B4BV87,XNYS,FBHS,Common Stock
USD,PPG INDUSTRIES INC,PPG,BBG000BRJ809,XNYS,PPG,Common Stock
USD,PNC FINANCIAL SERVICES GROUP,PNC,BBG000BRD0D8,XNYS,PNC,Common Stock
USD,EVOLENT HEALTH INC - A,EVH,BBG005CHLM96,XNYS,EVH,Common Stock
USD,HARLEY-DAVIDSON INC,HOG,BBG000BKZTP3,XNYS,HOG,Common Stock
USD,ARAMARK,ARMK,BBG001KY4N87,XNYS,ARMK,Common Stock
USD,COEUR MINING INC,CDE,BBG000BF8TF5,XNYS,CDE,Common Stock
USD,SNAP INC - A,SNAP,BBG00441QMJ7,XNYS,SNAP,Common Stock
USD,AMNEAL PHARMACEUTICALS INC,AMRX,BBG00462PGG0,XNYS,AMRX,Common Stock
USD,LAMB WESTON HOLDINGS INC,LW,BBG003CVMLQ2,XNYS,LW,Common Stock
USD,DR HORTON INC,DHI,BBG000DQTXY6,XNYS,DHI,Common Stock
USD,IMAX CORP,IMAX,BBG000K8KKL9,XNYS,IMAX,Common Stock
USD,EQUITABLE HOLDINGS INC,EQH,BBG00J7CBVW8,XNYS,EQH,Common Stock
USD,H&R BLOCK INC,HRB,BBG000BLDV98,XNYS,HRB,Common Stock
USD,BOOT BARN HOLDINGS INC,BOOT,BBG0077SYZV6,XNYS,BOOT,Common Stock
USD,SEAWORLD ENTERTAINMENT INC,SEAS,BBG003RY97K2,XNYS,SEAS,Common Stock
USD,DARLING INGREDIENTS INC,DAR,BBG000BN8ZK8,XNYS,DAR,Common Stock
USD,OWENS CORNING,OC,BBG000M44VW8,XNYS,OC,Common Stock
USD,COMSTOCK RESOURCES INC,CRK,BBG000DNBK89,XNYS,CRK,Common Stock
USD,SOUTHWESTERN ENERGY CO,SWN,BBG000BTR593,XNYS,SWN,Common Stock
USD,ZUORA INC - CLASS A,ZUO,BBG000BT3HG5,XNYS,ZUO,Common Stock
USD,LEVI STRAUSS & CO- CLASS A,LEVI,BBG000BQDF10,XNYS,LEVI,Common Stock
USD,SYSCO CORP,SYY,BBG000BTVJ25,XNYS,SYY,Common Stock
USD,LIVENT CORP,LTHM,BBG00LV3NRG0,XNYS,LTHM,Common Stock
USD,WILLIAMS-SONOMA INC,WSM,BBG000FSMWC3,XNYS,WSM,Common Stock
USD,ALASKA AIR GROUP INC,ALK,BBG000BBL0Y1,XNYS,ALK,Common Stock
USD,GENWORTH FINANCIAL INC-CL A,GNW,BBG000J5Q6L2,XNYS,GNW,Common Stock
USD,TAPESTRY INC,TPR,BBG000BY29C7,XNYS,TPR,Common Stock
USD,ALLEGHENY TECHNOLOGIES INC,ATI,BBG000LC1FS4,XNYS,ATI,Common Stock
USD,PENTAIR PLC,PNR,BBG000C221G9,XNYS,PNR,Common Stock
USD,UGI CORP,UGI,BBG000BVYN55,XNYS,UGI,Common Stock
USD,BOOZ ALLEN HAMILTON HOLDINGS,BAH,BBG000R2YFG7,XNYS,BAH,Common Stock
USD,WELBILT INC,WBT,BBG0081JXTR0,XNYS,WBT,Common Stock
USD,HUNTSMAN CORP,HUN,BBG000NS26Q8,XNYS,HUN,Common Stock
USD,MARATHON PETROLEUM CORP,MPC,BBG001DCCGR8,XNYS,MPC,Common Stock
USD,MDU RESOURCES GROUP INC,MDU,BBG000BNX3R4,XNYS,MDU,Common Stock
USD,DOW INC,DOW,BBG00BN96922,XNYS,DOW,Common Stock
USD,COLFAX CORP,CFX,BBG000C5Z443,XNYS,CFX,Common Stock
USD,HILTON GRAND VACATIONS INC,HGV,BBG00CBYY6M1,XNYS,HGV,Common Stock
USD,ALLY FINANCIAL INC,ALLY,BBG000BC2R71,XNYS,ALLY,Common Stock
USD,CF INDUSTRIES HOLDINGS INC,CF,BBG000BWJFZ4,XNYS,CF,Common Stock
USD,VALVOLINE INC,VVV,BBG003DNHV56,XNYS,VVV,Common Stock
USD,RINGCENTRAL INC-CLASS A,RNG,BBG000J094P3,XNYS,RNG,Common Stock
USD,AIR LEASE CORP,AL,BBG000R3NPZ4,XNYS,AL,Common Stock
USD,NRG ENERGY INC,NRG,BBG000D8RG11,XNYS,NRG,Common Stock
USD,CARMAX INC,KMX,BBG000BLMZK6,XNYS,KMX,Common Stock
USD,RADIAN GROUP INC,RDN,BBG000BMWV95,XNYS,RDN,Common Stock
USD,CINEMARK HOLDINGS INC,CNK,BBG000QDVR53,XNYS,CNK,Common Stock
USD,VMWARE INC-CLASS A,VMW,BBG000BC9938,XNYS,VMW,Common Stock
USD,HOWMET AEROSPACE INC,HWM,BBG00DYNJGH9,XNYS,HWM,Common Stock
USD,ONEOK INC,OKE,BBG000BQHGR6,XNYS,OKE,Common Stock
USD,YELP INC,YELP,BBG000Q2HM09,XNYS,YELP,Common Stock
USD,CIMAREX ENERGY CO,XEC,BBG000D6L294,XNYS,XEC,Common Stock
USD,BILL.COM HOLDINGS INC,BILL,BBG00QVJV6V4,XNYS,BILL,Common Stock
USD,FIDELITY NATIONAL FINANCIAL,FNF,BBG006N7S6K9,XNYS,FNF,Common Stock
USD,WESTERN UNION CO,WU,BBG000BB5373,XNYS,WU,Common Stock
USD,AMERICAN EAGLE OUTFITTERS,AEO,BBG000BGXZB5,XNYS,AEO,Common Stock
USD,PULTEGROUP INC,PHM,BBG000BR54L0,XNYS,PHM,Common Stock
USD,ARCOS DORADOS HOLDINGS INC-A,ARCO,BBG001LR99L2,XNYS,ARCO,Common Stock
USD,WYNDHAM HOTELS & RESORTS INC,WH,BBG00HCY3Q67,XNYS,WH,Common Stock
USD,COMMERCIAL METALS CO,CMC,BBG000BFSND8,XNYS,CMC,Common Stock
USD,LYONDELLBASELL INDU-CL A,LYB,BBG000WCFV84,XNYS,LYB,Common Stock
USD,B&G FOODS INC,BGS,BBG000RKXRQ1,XNYS,BGS,Common Stock
USD,AXALTA COATING SYSTEMS LTD,AXTA,BBG0060CPLJ5,XNYS,AXTA,Common Stock
USD,NABORS INDUSTRIES LTD,NBR,BBG000BZTW70,XNYS,NBR,Common Stock
USD,VF CORP,VFC,BBG000BWCKB6,XNYS,VFC,Common Stock
USD,BLUE APRON HOLDINGS INC-A,APRN,BBG00FPFJTB9,XNYS,APRN,Common Stock
USD,SPIRIT AIRLINES INC,SAVE,BBG000BF6RQ9,XNYS,SAVE,Common Stock
USD,NORWEGIAN CRUISE LINE HOLDIN,NCLH,BBG000BSRN78,XNYS,NCLH,Common Stock
USD,MACY'S INC,M,BBG000C46HM9,XNYS,M,Common Stock
USD,CARNIVAL CORP,CCL,BBG000BF6LY3,XNYS,CCL,Common Stock
USD,UNITED STATES STEEL CORP,X,BBG000BX3TD3,XNYS,X,Common Stock
USD,VIRGIN GALACTIC HOLDINGS INC,SPCE,BBG00HTN2CQ3,XNYS,SPCE,Common Stock
USD,RITE AID CORP,RAD,BBG000BRWGG9,XNYS,RAD,Common Stock
USD,ROYAL CARIBBEAN CRUISES LTD,RCL,BBG000BB5792,XNYS,RCL,Common Stock
USD,RH,RH,BBG002293PJ4,XNYS,RH,Common Stock
USD,SM ENERGY CO,SM,BBG000BFV115,XNYS,SM,Common Stock
USD,AMC ENTERTAINMENT HLDS-CL A,AMC,BBG000TDCVT6,XNYS,AMC,Common Stock
USD,DELTA AIR LINES INC,DAL,BBG000R7Z112,XNYS,DAL,Common Stock
USD,LUMBER LIQUIDATORS HOLDINGS,LL,BBG000QKPTS5,XNYS,LL,Common Stock
USD,BRINKER INTERNATIONAL INC,EAT,BBG000BK28N7,XNYS,EAT,Common Stock
USD,TUPPERWARE BRANDS CORP,TUP,BBG000GQ1G25,XNYS,TUP,Common Stock
USD,SIGNET JEWELERS LTD,SIG,BBG000C4ZZ10,XNYS,SIG,Common Stock
USD,GAMESTOP CORP-CLASS A,GME,BBG000BB5BF6,XNYS,GME,Common Stock
USD,MATADOR RESOURCES CO,MTDR,BBG000JCPGZ1,XNYS,MTDR,Common Stock
USD,DINE BRANDS GLOBAL INC,DIN,BBG000GZ9406,XNYS,DIN,Common Stock
USD,NORDIC AMERICAN TANKERS LTD,NAT,BBG000JK57G6,XNYS,NAT,Common Stock
USD,KOHLS CORP,KSS,BBG000CS7CT9,XNYS,KSS,Common Stock
USD,TRANSOCEAN LTD,RIG,BBG000BH5LT6,XNYS,RIG,Common Stock
USD,BOEING CO/THE,BA,BBG000BCSST7,XNYS,BA,Common Stock
USD,ANTERO RESOURCES CORP,AR,BBG000PW5VX1,XNYS,AR,Common Stock
USD,SHAKE SHACK INC - CLASS A,SHAK,BBG0063GCHH8,XNYS,SHAK,Common Stock
USD,RANGE RESOURCES CORP,RRC,BBG000FVXD63,XNYS,RRC,Common Stock
USD,BIG LOTS INC,BIG,BBG000J0D904,XNYS,BIG,Common Stock
USD,MGM RESORTS INTERNATIONAL,MGM,BBG000C2BXK4,XNYS,MGM,Common Stock
USD,MARATHON OIL CORP,MRO,BBG000C8H633,XNYS,MRO,Common Stock
USD,INTL BUSINESS MACHINES CORP,IBM,BBG000BLNNH6,XNYS,IBM,Common Stock
USD,NAUTILUS INC,NLS,BBG000BRJY75,XNYS,NLS,Common Stock
USD,BLOOM ENERGY CORP- A,BE,BBG000N7KBZ3,XNYS,BE,Common Stock
USD,CAMPING WORLD HOLDINGS INC-A,CWH,BBG00D2Z7X83,XNYS,CWH,Common Stock
USD,ADC THERAPEUTICS SA,ADCT,BBG00Q6Q3QX1,XNYS,ADCT,Common Stock
USD,INVITAE CORP,NVTA,BBG005DJFD43,XNYS,NVTA,Common Stock
USD,TENET HEALTHCARE CORP,THC,BBG000CPHYL4,XNYS,THC,Common Stock
USD,SELECT MEDICAL HOLDINGS CORP,SEM,BBG000QCHMH9,XNYS,SEM,Common Stock
USD,PING IDENTITY HOLDING CORP,PING,BBG00Q3GDB13,XNYS,PING,Common Stock
USD,DYNATRACE INC,DT,BBG00PNN7C40,XNYS,DT,Common Stock
USD,MEDALLIA INC,MDLA,BBG001BPKGT0,XNYS,MDLA,Common Stock
USD,CLOUDFLARE INC - CLASS A,NET,BBG001WMKHH5,XNYS,NET,Common Stock
USD,NCR CORPORATION,NCR,BBG000BMXK89,XNYS,NCR,Common Stock
USD,SMARTSHEET INC-CLASS A,SMAR,BBG00GQK3WB5,XNYS,SMAR,Common Stock
USD,CLOUDERA INC,CLDR,BBG000DRJFC8,XNYS,CLDR,Common Stock
USD,DXC TECHNOLOGY CO,DXC,BBG00FN64XT9,XNYS,DXC,Common Stock
USD,XEROX HOLDINGS CORP,XRX,BBG00NNG2ZJ8,XNYS,XRX,Common Stock
USD,PAGSEGURO DIGITAL LTD-CL A,PAGS,BBG00JM7QBR6,XNYS,PAGS,Common Stock
USD,ANAPLAN INC,PLAN,BBG002DZS299,XNYS,PLAN,Common Stock
USD,BOX INC - CLASS A,BOX,BBG000PMSK08,XNYS,BOX,Common Stock
USD,UBER TECHNOLOGIES INC,UBER,BBG002B04MT8,XNYS,UBER,Common Stock
USD,LIVERAMP HOLDINGS INC,RAMP,BBG000BB4HM6,XNYS,RAMP,Common Stock
USD,UNIVAR SOLUTIONS INC,UNVR,BBG000BDHD29,XNYS,UNVR,Common Stock
USD,AES CORP,AES,BBG000C23KJ3,XNYS,AES,Common Stock
USD,ALPHABET INC-CL C,GOOG,BBG009S3NB30,XNAS,GOOG,Common Stock
USD,NETFLIX INC,NFLX,BBG000CL9VN6,XNAS,NFLX,Common Stock
USD,JPMORGAN CHASE & CO,JPM,BBG000DMBXR2,XNYS,JPM,Common Stock
USD,SHOPIFY INC - CLASS A,SHOP,BBG008HBD923,XNYS,SHOP,Common Stock
USD,BANK OF AMERICA CORP,BAC,BBG000BCTLF6,XNYS,BAC,Common Stock
USD,VISA INC-CLASS A SHARES,V,BBG000PSKYX7,XNYS,V,Common Stock
USD,WALT DISNEY CO/THE,DIS,BBG000BH4R78,XNYS,DIS,Common Stock
USD,ROBINHOOD MARKETS INC - A,HOOD,BBG008NMBXN8,XNAS,HOOD,Common Stock
USD,COINBASE GLOBAL INC -CLASS A,COIN,BBG00ZGF7771,XNAS,COIN,Common Stock
USD,PALANTIR TECHNOLOGIES INC-A,PLTR,BBG000N7QR55,XNYS,PLTR,Common Stock
USD,MASTERCARD INC - A,MA,BBG000F1ZSQ2,XNYS,MA,Common Stock
USD,BERKSHIRE HATHAWAY INC-CL B,BRK.B,BBG000DWG505,XNYS,BRK.B,Common Stock
USD,AIRBNB INC-CLASS A,ABNB,BBG001Y2XS07,XNAS,ABNB,Common Stock
USD,AT&T INC,T,BBG000BSJK37,XNYS,T,Common Stock
USD,UNITEDHEALTH GROUP INC,UNH,BBG000CH5208,XNYS,UNH,Common Stock
USD,HOME DEPOT INC,HD,BBG000BKZB36,XNYS,HD,Common Stock
USD,JOHNSON & JOHNSON,JNJ,BBG000BMHYD1,XNYS,JNJ,Common Stock
USD,WALMART INC,WMT,BBG000BWXBC2,XNYS,WMT,Common Stock
USD,PFIZER INC,PFE,BBG000BR2B91,XNYS,PFE,Common Stock
USD,SNOWFLAKE INC-CLASS A,SNOW,BBG007DHGNJ4,XNYS,SNOW,Common Stock
USD,PROCTER & GAMBLE CO/THE,PG,BBG000BR2TH3,XNYS,PG,Common Stock
USD,CISCO SYSTEMS INC,CSCO,BBG000C3J3C9,XNAS,CSCO,Common Stock
USD,VERIZON COMMUNICATIONS INC,VZ,BBG000HS77T5,XNYS,VZ,Common Stock
USD,COSTCO WHOLESALE CORP,COST,BBG000F6H8W8,XNAS,COST,Common Stock
USD,VIACOMCBS INC - CLASS B,VIAC,BBG000C496P7,XNAS,VIAC,Common Stock
USD,ROBLOX CORP -CLASS A,RBLX,BBG001R1GCT0,XNYS,RBLX,Common Stock
USD,NIKE INC -CL B,NKE,BBG000C5HS04,XNYS,NKE,Common Stock
USD,COCA-COLA CO/THE,KO,BBG000BMX289,XNYS,KO,Common Stock
USD,MERCK & CO. INC.,MRK,BBG000BPD168,XNYS,MRK,Common Stock
USD,ABBVIE INC,ABBV,BBG0025Y4RY4,XNYS,ABBV,Common Stock
USD,ORACLE CORP,ORCL,BBG000BQLTW7,XNYS,ORCL,Common Stock
USD,PEAK FINTECH GROUP INC,TNT,BBG006BJM1P8,XNAS,TNT,Common Stock
USD,BRISTOL-MYERS SQUIBB CO,BMY,BBG000DQLV23,XNYS,BMY,Common Stock
USD,MERCADOLIBRE INC,MELI,BBG000GQPB11,XNAS,MELI,Common Stock
USD,LOWE'S COS INC,LOW,BBG000BNDN65,XNYS,LOW,Common Stock
USD,MCDONALD'S CORP,MCD,BBG000BNSZP1,XNYS,MCD,Common Stock
USD,TARGET CORP,TGT,BBG000H8TVT2,XNYS,TGT,Common Stock
USD,THERMO FISHER SCIENTIFIC INC,TMO,BBG000BVDLH9,XNYS,TMO,Common Stock
USD,PINTEREST INC- CLASS A,PINS,BBG002583CV8,XNYS,PINS,Common Stock
USD,PEPSICO INC,PEP,BBG000DH7JK6,XNAS,PEP,Common Stock
USD,CHARTER COMMUNICATIONS INC-A,CHTR,BBG000VPGNR2,XNAS,CHTR,Common Stock
USD,ELI LILLY & CO,LLY,BBG000BNBDC2,XNYS,LLY,Common Stock
USD,ABBOTT LABORATORIES,ABT,BBG000B9ZXB4,XNYS,ABT,Common Stock
USD,CATERPILLAR INC,CAT,BBG000BF0K17,XNYS,CAT,Common Stock
USD,NEXTERA ENERGY INC,NEE,BBG000BJSBJ0,XNYS,NEE,Common Stock
USD,TRADE DESK INC/THE -CLASS A,TTD,BBG00629NGT2,XNAS,TTD,Common Stock
USD,UNITED PARCEL SERVICE-CL B,UPS,BBG000L9CV04,XNYS,UPS,Common Stock
USD,FEDEX CORP,FDX,BBG000BJF1Z8,XNYS,FDX,Common Stock
USD,UNION PACIFIC CORP,UNP,BBG000BW3299,XNYS,UNP,Common Stock
USD,HONEYWELL INTERNATIONAL INC,HON,BBG000H556T9,XNAS,HON,Common Stock
USD,DANAHER CORP,DHR,BBG000BH3JF8,XNYS,DHR,Common Stock
USD,MEDTRONIC PLC,MDT,BBG000BNWG87,XNYS,MDT,Common Stock
USD,DOORDASH INC - A,DASH,BBG005D7QCJ3,XNYS,DASH,Common Stock
USD,OCCIDENTAL PETROLEUM CORP,OXY,BBG000BQQ2S6,XNYS,OXY,Common Stock
USD,LOCKHEED MARTIN CORP,LMT,BBG000C1BW00,XNYS,LMT,Common Stock
USD,CVS HEALTH CORP,CVS,BBG000BGRY34,XNYS,CVS,Common Stock
USD,T-MOBILE US INC,TMUS,BBG000NDV1D4,XNAS,TMUS,Common Stock
USD,GILEAD SCIENCES INC,GILD,BBG000CKGBP2,XNAS,GILD,Common Stock
USD,ACCENTURE PLC-CL A,ACN,BBG000D9D830,XNYS,ACN,Common Stock
USD,INTUIT INC,INTU,BBG000BH5DV1,XNAS,INTU,Common Stock
USD,3M CO,MMM,BBG000BP52R2,XNYS,MMM,Common Stock
USD,BLACKROCK INC,BLK,BBG000C2PW58,XNYS,BLK,Common Stock
USD,FIDELITY NATIONAL INFO SERV,FIS,BBG000BK2F42,XNYS,FIS,Common Stock
USD,BOOKING HOLDINGS INC,BKNG,BBG000BLBVN4,XNAS,BKNG,Common Stock
USD,CHIPOTLE MEXICAN GRILL INC,CMG,BBG000QX74T1,XNYS,CMG,Common Stock
USD,CONTEXTLOGIC INC - A,WISH,BBG006DZTJ56,XNAS,WISH,Common Stock
USD,LINDE PLC,LIN,BBG00GVR8YQ9,XNYS,LIN,Common Stock
USD,S&P GLOBAL INC,SPGI,BBG000BP1Q11,XNYS,SPGI,Common Stock
USD,ANALOG DEVICES INC,ADI,BBG000BB6G37,XNAS,ADI,Common Stock
USD,TJX COMPANIES INC,TJX,BBG000BV8DN6,XNYS,TJX,Common Stock
USD,INTUITIVE SURGICAL INC,ISRG,BBG000BJPDZ1,XNAS,ISRG,Common Stock
USD,MARATHON DIGITAL HOLDINGS IN,MARA,BBG001K7WBT8,XNAS,MARA,Common Stock
USD,NEWMONT CORP,NEM,BBG000BPWXK1,XNYS,NEM,Common Stock
USD,DEERE & CO,DE,BBG000BH1NH9,XNYS,DE,Common Stock
USD,ILLUMINA INC,ILMN,BBG000DSMS70,XNAS,ILMN,Common Stock
USD,BIOGEN INC,BIIB,BBG000C17X76,XNAS,BIIB,Common Stock
USD,BARRICK GOLD CORP,GOLD,BBG000BB07P9,XNYS,GOLD,Common Stock
USD,PHILIP MORRIS INTERNATIONAL,PM,BBG000J2XL74,XNYS,PM,Common Stock
USD,DOLLAR GENERAL CORP,DG,BBG000NV1KK7,XNYS,DG,Common Stock
USD,BECTON DICKINSON AND CO,BDX,BBG000BCZYD3,XNYS,BDX,Common Stock
USD,ALTRIA GROUP INC,MO,BBG000BP6LJ8,XNYS,MO,Common Stock
USD,MONDELEZ INTERNATIONAL INC-A,MDLZ,BBG000D4LWF6,XNAS,MDLZ,Common Stock
USD,QUANTUMSCAPE CORP,QS,BBG00VJ17DS2,XNYS,QS,Common Stock
USD,EXPEDIA GROUP INC,EXPE,BBG000QY3XZ2,XNAS,EXPE,Common Stock
USD,UNITY SOFTWARE INC,U,BBG0056JW5G6,XNYS,U,Common Stock
USD,HUMANA INC,HUM,BBG000BLKK03,XNYS,HUM,Common Stock
USD,BOSTON SCIENTIFIC CORP,BSX,BBG000C0LW92,XNYS,BSX,Common Stock
USD,FASTLY INC - CLASS A,FSLY,BBG004NLQHL0,XNYS,FSLY,Common Stock
USD,SPLUNK INC,SPLK,BBG001C7TST4,XNAS,SPLK,Common Stock
USD,PALO ALTO NETWORKS INC,PANW,BBG0014GJCT9,XNYS,PANW,Common Stock
USD,AON PLC-CLASS A,AON,BBG00SSQFPK6,XNYS,AON,Common Stock
USD,ESTEE LAUDER COMPANIES-CL A,EL,BBG000FKJRC5,XNYS,EL,Common Stock
USD,COUPA SOFTWARE INC,COUP,BBG001J4BCN4,XNAS,COUP,Common Stock
USD,SHERWIN-WILLIAMS CO/THE,SHW,BBG000BSXQV7,XNYS,SHW,Common Stock
USD,UPSTART HOLDINGS INC,UPST,BBG00PKCBY53,XNAS,UPST,Common Stock
USD,ELECTRONIC ARTS INC,EA,BBG000BP0KQ8,XNAS,EA,Common Stock
USD,ATLASSIAN CORP PLC-CLASS A,TEAM,BBG00BDQ1H13,XNAS,TEAM,Common Stock
USD,MICROSTRATEGY INC-CL A,MSTR,BBG000GQJPZ0,XNAS,MSTR,Common Stock
USD,C3.AI INC-A,AI,BBG00Y6G6X31,XNYS,AI,Common Stock
USD,KROGER CO,KR,BBG000BMY992,XNYS,KR,Common Stock
USD,ECOLAB INC,ECL,BBG000BHKYH4,XNYS,ECL,Common Stock
USD,COLGATE-PALMOLIVE CO,CL,BBG000BFQYY3,XNYS,CL,Common Stock
USD,AUTOMATIC DATA PROCESSING,ADP,BBG000JG0547,XNAS,ADP,Common Stock
USD,NORTHROP GRUMMAN CORP,NOC,BBG000BQ2C28,XNYS,NOC,Common Stock
USD,CLOROX COMPANY,CLX,BBG000BFS7D3,XNYS,CLX,Common Stock
USD,DUKE ENERGY CORP,DUK,BBG000BHGDH5,XNYS,DUK,Common Stock
USD,STRYKER CORP,SYK,BBG000DN7P92,XNYS,SYK,Common Stock
USD,ZOETIS INC,ZTS,BBG0039320N9,XNYS,ZTS,Common Stock
USD,ROCKET COS INC-CLASS A,RKT,BBG00VY1MYW7,XNYS,RKT,Common Stock
USD,AIR PRODUCTS & CHEMICALS INC,APD,BBG000BC4JJ4,XNYS,APD,Common Stock
USD,INTERCONTINENTAL EXCHANGE IN,ICE,BBG000C1FB75,XNYS,ICE,Common Stock
USD,DISCOVERY INC - A,DISCA,BBG000CHWP52,XNAS,DISCA,Common Stock
USD,EOG RESOURCES INC,EOG,BBG000BZ9223,XNYS,EOG,Common Stock
USD,WALGREENS BOOTS ALLIANCE INC,WBA,BBG000BWLMJ4,XNAS,WBA,Common Stock
USD,AUTOZONE INC,AZO,BBG000C7LMS8,XNYS,AZO,Common Stock
USD,CME GROUP INC,CME,BBG000BHLYP4,XNAS,CME,Common Stock
USD,BERKSHIRE HATHAWAY INC-CL A,BRK.A,BBG000DWCFL4,XNYS,BRK.A,Common Stock
USD,COUPANG INC,CPNG,BBG00XMJRPQ8,XNYS,CPNG,Common Stock
USD,KIMBERLY-CLARK CORP,KMB,BBG000BMW2Z0,XNYS,KMB,Common Stock
USD,DOMINO'S PIZZA INC,DPZ,BBG000P458P3,XNYS,DPZ,Common Stock
USD,VICTORIA'S SECRET & CO,VSCO,BBG01103B471,XNYS,VSCO,Common Stock
USD,BEST BUY CO INC,BBY,BBG000BCWCG1,XNYS,BBY,Common Stock
USD,SOUTHERN CO/THE,SO,BBG000BT9DW0,XNYS,SO,Common Stock
USD,PROGRESSIVE CORP,PGR,BBG000BR37X2,XNYS,PGR,Common Stock
USD,BLACKSTONE INC,BX,BBG000BH0106,XNYS,BX,Common Stock
USD,AFFIRM HOLDINGS INC,AFRM,BBG00Y7BP8Y1,XNAS,AFRM,Common Stock
USD,CLOVER HEALTH INVESTMENTS CO,CLOV,BBG00SHY90J5,XNAS,CLOV,Common Stock
USD,O'REILLY AUTOMOTIVE INC,ORLY,BBG000BGYWY6,XNAS,ORLY,Common Stock
USD,DISCOVER FINANCIAL SERVICES,DFS,BBG000QBR5J5,XNYS,DFS,Common Stock
USD,CONSTELLATION BRANDS INC-A,STZ,BBG000J1QLT0,XNYS,STZ,Common Stock
USD,PARKER HANNIFIN CORP,PH,BBG000BR3KL6,XNYS,PH,Common Stock
USD,WILLIS TOWERS WATSON PLC,WLTW,BBG000DB3KT1,XNAS,WLTW,Common Stock
USD,EATON CORP PLC,ETN,BBG000BJ3PD2,XNYS,ETN,Common Stock
USD,BAXTER INTERNATIONAL INC,BAX,BBG000BCVJ77,XNYS,BAX,Common Stock
USD,BATH & BODY WORKS INC,BBWI,BBG000BNGTQ7,XNYS,BBWI,Common Stock
USD,CUMMINS INC,CMI,BBG000BGPTV6,XNYS,CMI,Common Stock
USD,JOHNSON CONTROLS INTERNATION,JCI,BBG000BVWLJ6,XNYS,JCI,Common Stock
USD,INTL FLAVORS & FRAGRANCES,IFF,BBG000BLSL58,XNYS,IFF,Common Stock
USD,EMERSON ELECTRIC CO,EMR,BBG000BHX7N2,XNYS,EMR,Common Stock
USD,TRANSDIGM GROUP INC,TDG,BBG000L8CBX4,XNYS,TDG,Common Stock
USD,GENERAL MILLS INC,GIS,BBG000BKCFC2,XNYS,GIS,Common Stock
USD,MARSH & MCLENNAN COS,MMC,BBG000BP4MH0,XNYS,MMC,Common Stock
USD,ILLINOIS TOOL WORKS,ITW,BBG000BMBL90,XNYS,ITW,Common Stock
USD,MOODY'S CORP,MCO,BBG000F86GP6,XNYS,MCO,Common Stock
USD,GENERAL DYNAMICS CORP,GD,BBG000BK67C7,XNYS,GD,Common Stock
USD,LUCID GROUP INC,LCID,BBG00W7F99V5,XNAS,LCID,Common Stock
USD,WASTE MANAGEMENT INC,WM,BBG000BWVSR1,XNYS,WM,Common Stock
USD,OCUGEN INC,OCGN,BBG00194VJB1,XNAS,OCGN,Common Stock
USD,SEAGATE TECHNOLOGY HOLDINGS,STX,BBG0113JGQF0,XNAS,STX,Common Stock
USD,IHS MARKIT LTD,INFO,BBG006G063F9,XNYS,INFO,Common Stock
USD,ROPER TECHNOLOGIES INC,ROP,BBG000F1ZSN5,XNYS,ROP,Common Stock
USD,DISCOVERY INC-C,DISCK,BBG000VMWHH5,XNAS,DISCK,Common Stock
USD,ALLSTATE CORP,ALL,BBG000BVMGF2,XNYS,ALL,Common Stock
USD,SEMPRA ENERGY,SRE,BBG000C2ZCH8,XNYS,SRE,Common Stock
USD,LEMONADE INC,LMND,BBG00BM5YC05,XNYS,LMND,Common Stock
USD,UIPATH INC - CLASS A,PATH,BBG00GKS1G03,XNYS,PATH,Common Stock
USD,IDEXX LABORATORIES INC,IDXX,BBG000BLRT07,XNAS,IDXX,Common Stock
USD,PRUDENTIAL FINANCIAL INC,PRU,BBG000HCJMF9,XNYS,PRU,Common Stock
USD,HUBSPOT INC,HUBS,BBG000N7MZ06,XNYS,HUBS,Common Stock
USD,FLEETCOR TECHNOLOGIES INC,FLT,BBG000GPXKX9,XNYS,FLT,Common Stock
USD,SYNOPSYS INC,SNPS,BBG000BSFRF3,XNAS,SNPS,Common Stock
USD,PAYCOM SOFTWARE INC,PAYC,BBG0064N0ZZ5,XNYS,PAYC,Common Stock
